date,estimated_available,rate_subtracting_remote,rate_without_remote_subtraction
2016-02-01,2401.0,0.4327363598500625,0.4327363598500625
2016-02-02,2378.0,0.36459209419680405,0.36459209419680405
2016-02-03,2365.0,0.43002114164904864,0.43002114164904864
2016-02-04,2277.0,0.4295125164690382,0.4295125164690382
2016-02-05,2142.0,0.43183940242763774,0.43183940242763774
2016-02-11,2075.0,0.5036144578313253,0.5036144578313253
2016-02-12,2056.0,0.44212062256809337,0.44212062256809337
2016-02-15,2310.0,0.5489177489177489,0.5489177489177489
2016-02-16,2293.0,0.4422154382904492,0.4422154382904492
2016-02-17,2273.0,0.4029916410030796,0.4029916410030796
2016-02-18,2270.0,0.4008810572687225,0.4008810572687225
2016-02-19,2204.0,0.34618874773139746,0.34618874773139746
2016-02-22,2304.0,0.5633680555555556,0.5633680555555556
2016-02-23,2307.0,0.38968357173818813,0.38968357173818813
2016-02-24,2315.0,0.44146868250539956,0.44146868250539956
2016-02-25,2284.0,0.40148861646234674,0.40148861646234674
2016-02-26,2179.0,0.35153740247820103,0.35153740247820103
2016-02-29,1838.0,0.47279651795429817,0.47279651795429817
2016-03-02,2315.0,0.4868250539956803,0.4868250539956803
2016-03-03,2339.0,0.4275331338178709,0.4275331338178709
2016-03-04,2294.0,0.36486486486486486,0.36486486486486486
2016-03-07,2379.0,0.5573770491803278,0.5573770491803278
2016-03-08,2365.0,0.4338266384778013,0.4338266384778013
2016-03-09,2356.0,0.382427843803056,0.382427843803056
2016-03-10,2324.0,0.3644578313253012,0.3644578313253012
2016-03-11,2241.0,0.3248549754573851,0.3248549754573851
2016-03-14,2380.0,0.5403361344537815,0.5403361344537815
2016-03-15,2355.0,0.40679405520169853,0.40679405520169853
2016-03-16,2361.0,0.4227022448115205,0.4227022448115205
2016-03-17,2330.0,0.35708154506437767,0.35708154506437767
2016-03-18,2229.0,0.3396141767608793,0.3396141767608793
2016-03-21,2354.0,0.43755310110450296,0.43755310110450296
2016-03-22,2375.0,0.38610526315789473,0.38610526315789473
2016-03-23,2346.0,0.41048593350383633,0.41048593350383633
2016-03-24,2320.0,0.3775862068965517,0.3775862068965517
2016-03-25,2251.0,0.38249666814749,0.38249666814749
2016-03-28,2350.0,0.5076595744680851,0.5076595744680851
2016-03-29,2327.0,0.38332617103566824,0.38332617103566824
2016-03-30,2346.0,0.4403239556692242,0.4403239556692242
2016-03-31,2340.0,0.33376068376068374,0.33376068376068374
2016-04-01,2286.0,0.2891513560804899,0.2891513560804899
2016-04-04,2360.0,0.5241525423728813,0.5241525423728813
2016-04-05,2370.0,0.35443037974683544,0.35443037974683544
2016-04-06,2357.0,0.37165888841747985,0.37165888841747985
2016-04-07,2338.0,0.36484174508126604,0.36484174508126604
2016-04-08,2273.0,0.3361196656401232,0.3361196656401232
2016-04-11,2358.0,0.5195080576759966,0.5195080576759966
2016-04-12,2342.0,0.3292058070025619,0.3292058070025619
2016-04-14,2285.0,0.42407002188183807,0.42407002188183807
2016-04-15,2231.0,0.2595248767368893,0.2595248767368893
2016-04-18,2337.0,0.4792468977321352,0.4792468977321352
2016-04-19,2360.0,0.4152542372881356,0.4152542372881356
2016-04-20,2334.0,0.36375321336760924,0.36375321336760924
2016-04-21,2313.0,0.40639861651534803,0.40639861651534803
2016-04-22,2218.0,0.3146979260595131,0.3146979260595131
2016-04-25,2346.0,0.5230179028132992,0.5230179028132992
2016-04-26,2365.0,0.3361522198731501,0.3361522198731501
2016-04-27,2338.0,0.43969204448246363,0.43969204448246363
2016-04-28,2318.0,0.34987057808455563,0.34987057808455563
2016-04-29,2222.0,0.2934293429342934,0.2934293429342934
2016-05-02,2341.0,0.5305425032037591,0.5305425032037591
2016-05-03,2319.0,0.4156964208710651,0.4156964208710651
2016-05-04,2241.0,0.32262382864792505,0.32262382864792505
2016-05-09,2301.0,0.5284658843980878,0.5284658843980878
2016-05-10,2330.0,0.43261802575107294,0.43261802575107294
2016-05-11,2309.0,0.39627544391511477,0.39627544391511477
2016-05-12,2290.0,0.32882096069868993,0.32882096069868993
2016-05-13,2182.0,0.34876260311640694,0.34876260311640694
2016-05-16,2320.0,0.5086206896551724,0.5086206896551724
2016-05-17,2340.0,0.3841880341880342,0.3841880341880342
2016-05-18,2307.0,0.37104464672735155,0.37104464672735155
2016-05-19,2304.0,0.3897569444444444,0.3897569444444444
2016-05-20,2179.0,0.2996787517209729,0.2996787517209729
2016-05-23,2344.0,0.4948805460750853,0.4948805460750853
2016-05-24,2327.0,0.47571981091534166,0.47571981091534166
2016-05-25,2305.0,0.406941431670282,0.406941431670282
2016-05-26,2286.0,0.3425196850393701,0.3425196850393701
2016-05-27,2181.0,0.30261348005502064,0.30261348005502064
2016-05-30,2347.0,0.5244993608862377,0.5244993608862377
2016-05-31,2335.0,0.3944325481798715,0.3944325481798715
2016-06-01,2317.0,0.395338800172637,0.395338800172637
2016-06-02,2298.0,0.3698868581375109,0.3698868581375109
2016-06-03,2178.0,0.3310376492194674,0.3310376492194674
2016-06-07,2330.0,0.5339055793991416,0.5339055793991416
2016-06-08,2339.0,0.3980333475844378,0.3980333475844378
2016-06-09,2316.0,0.3579447322970639,0.3579447322970639
2016-06-10,2216.0,0.3145306859205776,0.3145306859205776
2016-06-13,2330.0,0.5334763948497854,0.5334763948497854
2016-06-14,2340.0,0.41581196581196583,0.41581196581196583
2016-06-15,2317.0,0.4246870953819594,0.4246870953819594
2016-06-16,2301.0,0.3476749239461104,0.3476749239461104
2016-06-17,2181.0,0.3182026593305823,0.3182026593305823
2016-06-20,2279.0,0.5028521281263713,0.5028521281263713
2016-06-21,2340.0,0.46623931623931625,0.46623931623931625
2016-06-22,2332.0,0.43825042881646653,0.43825042881646653
2016-06-23,2313.0,0.3791612624297449,0.3791612624297449
2016-06-24,2184.0,0.3685897435897436,0.3685897435897436
2016-06-27,2314.0,0.49351771823681934,0.49351771823681934
2016-06-28,2321.0,0.3950883239982766,0.3950883239982766
2016-06-29,2322.0,0.35314384151593453,0.35314384151593453
2016-06-30,2314.0,0.3828867761452031,0.3828867761452031
2016-07-01,2283.0,0.38501971090670173,0.38501971090670173
2016-07-04,2365.0,0.5463002114164904,0.5463002114164904
2016-07-05,2362.0,0.40304826418289585,0.40304826418289585
2016-07-06,2363.0,0.39737621667371986,0.39737621667371986
2016-07-07,2341.0,0.36608287056813327,0.36608287056813327
2016-07-08,2228.0,0.387342908438061,0.387342908438061
2016-07-11,2312.0,0.48226643598615915,0.48226643598615915
2016-07-12,2348.0,0.391396933560477,0.391396933560477
2016-07-13,2323.0,0.3727938011192424,0.3727938011192424
2016-07-14,2307.0,0.3385348938014738,0.3385348938014738
2016-07-15,2193.0,0.3953488372093023,0.3953488372093023
2016-07-18,2309.0,0.5015158077089649,0.5015158077089649
2016-07-19,2299.0,0.3862548934319269,0.3862548934319269
2016-07-20,2281.0,0.3700131521262604,0.3700131521262604
2016-07-21,2273.0,0.3224813022437307,0.3224813022437307
2016-07-22,2120.0,0.3117924528301887,0.3117924528301887
2016-07-25,2186.0,0.4967978042086002,0.4967978042086002
2016-07-26,2198.0,0.42174704276615105,0.42174704276615105
2016-07-27,2152.0,0.4052044609665427,0.4052044609665427
2016-07-28,2099.0,0.3887565507384469,0.3887565507384469
2016-07-29,1950.0,0.3441025641025641,0.3441025641025641
2016-08-01,2023.0,0.5215027187345527,0.5215027187345527
2016-08-02,2017.0,0.4110064452156668,0.4110064452156668
2016-08-03,1976.0,0.4058704453441296,0.4058704453441296
2016-08-04,1977.0,0.33940313606474454,0.33940313606474454
2016-08-05,1894.0,0.3384371700105597,0.3384371700105597
2016-08-08,2043.0,0.5080763582966226,0.5080763582966226
2016-08-09,2070.0,0.4222222222222222,0.4222222222222222
2016-08-10,2045.0,0.4117359413202934,0.4117359413202934
2016-08-11,2029.0,0.41646131099063577,0.41646131099063577
2016-08-12,1842.0,0.38436482084690554,0.38436482084690554
2016-08-16,2115.0,0.4836879432624113,0.4836879432624113
2016-08-17,2142.0,0.43137254901960786,0.43137254901960786
2016-08-18,2155.0,0.43758700696055686,0.43758700696055686
2016-08-19,2062.0,0.36566440349175555,0.36566440349175555
2016-08-22,2370.0,0.5341772151898734,0.5341772151898734
2016-08-23,2347.0,0.4878568385172561,0.4878568385172561
2016-08-24,2322.0,0.4052540913006029,0.4052540913006029
2016-08-25,2280.0,0.3881578947368421,0.3881578947368421
2016-08-26,2181.0,0.37276478679504815,0.37276478679504815
2016-08-29,2310.0,0.5445887445887446,0.5445887445887446
2016-08-30,2306.0,0.3907198612315698,0.3907198612315698
2016-08-31,2310.0,0.3961038961038961,0.3961038961038961
2016-09-01,2420.0,0.39380165289256197,0.39380165289256197
2016-09-02,2313.0,0.359706009511457,0.359706009511457
2016-09-05,2444.0,0.4762684124386252,0.4762684124386252
2016-09-06,2457.0,0.3190883190883191,0.3190883190883191
2016-09-07,2463.0,0.3759642712139667,0.3759642712139667
2016-09-08,2445.0,0.3100204498977505,0.3100204498977505
2016-09-09,2344.0,0.2909556313993174,0.2909556313993174
2016-09-12,2265.0,0.40794701986754967,0.40794701986754967
2016-09-13,2150.0,0.3813953488372093,0.3813953488372093
2016-09-19,2422.0,0.5247729149463254,0.5247729149463254
2016-09-20,2473.0,0.4201374848362313,0.4201374848362313
2016-09-21,2465.0,0.4332657200811359,0.4332657200811359
2016-09-22,2379.0,0.3745271122320303,0.3745271122320303
2016-09-23,2326.0,0.30782459157351677,0.30782459157351677
2016-09-26,2475.0,0.47878787878787876,0.47878787878787876
2016-09-27,2480.0,0.4165322580645161,0.4165322580645161
2016-09-28,2494.0,0.45228548516439454,0.45228548516439454
2016-09-29,2389.0,0.4370029300962746,0.4370029300962746
2016-09-30,2355.0,0.3579617834394904,0.3579617834394904
2016-10-04,2372.0,0.5320404721753794,0.5320404721753794
2016-10-05,2401.0,0.5564348188254894,0.5564348188254894
2016-10-06,2369.0,0.5048543689320388,0.5048543689320388
2016-10-07,2274.0,0.370712401055409,0.370712401055409
2016-10-10,2350.0,0.502127659574468,0.502127659574468
2016-10-11,2345.0,0.432409381663113,0.432409381663113
2016-10-12,2355.0,0.40382165605095544,0.40382165605095544
2016-10-13,2342.0,0.4487617421007686,0.4487617421007686
2016-10-14,2261.0,0.39716939407341884,0.39716939407341884
2016-10-17,2322.0,0.5150732127476314,0.5150732127476314
2016-10-18,2355.0,0.4220806794055202,0.4220806794055202
2016-10-19,2331.0,0.40025740025740025,0.40025740025740025
2016-10-20,2296.0,0.34277003484320556,0.34277003484320556
2016-10-21,2162.0,0.3515263644773358,0.3515263644773358
2016-10-24,2327.0,0.5032230339492909,0.5032230339492909
2016-10-25,2338.0,0.43969204448246363,0.43969204448246363
2016-10-26,2323.0,0.36762806715454155,0.36762806715454155
2016-10-27,2304.0,0.3502604166666667,0.3502604166666667
2016-10-28,2201.0,0.33212176283507494,0.33212176283507494
2016-10-31,2313.0,0.5291828793774319,0.5291828793774319
2016-11-01,2407.0,0.4515995014540922,0.4515995014540922
2016-11-02,2385.0,0.42180293501048216,0.42180293501048216
2016-11-03,2334.0,0.37017994858611825,0.37017994858611825
2016-11-04,2245.0,0.3576837416481069,0.3576837416481069
2016-11-07,2334.0,0.4952870608397601,0.4952870608397601
2016-11-08,2379.0,0.4144598570828079,0.4144598570828079
2016-11-09,2364.0,0.38917089678510997,0.38917089678510997
2016-11-10,2349.0,0.3384418901660281,0.3384418901660281
2016-11-11,2230.0,0.29237668161434976,0.29237668161434976
2016-11-14,2370.0,0.5316455696202531,0.5316455696202531
2016-11-15,2350.0,0.38893617021276594,0.38893617021276594
2016-11-16,2379.0,0.37326607818411095,0.37326607818411095
2016-11-17,2292.0,0.38481675392670156,0.38481675392670156
2016-11-18,2183.0,0.3344021988089785,0.3344021988089785
2016-11-21,2393.0,0.5160885917258671,0.5160885917258671
2016-11-22,2406.0,0.43474646716541976,0.43474646716541976
2016-11-23,2386.0,0.37342833193629504,0.37342833193629504
2016-11-24,2366.0,0.36770921386306,0.36770921386306
2016-11-25,2210.0,0.3257918552036199,0.3257918552036199
2016-11-28,2356.0,0.5288624787775892,0.5288624787775892
2016-11-29,2387.0,0.3770423125261835,0.3770423125261835
2016-11-30,2414.0,0.45940347970173984,0.45940347970173984
2016-12-01,2378.0,0.4020185029436501,0.4020185029436501
2016-12-02,2250.0,0.34044444444444444,0.34044444444444444
2016-12-05,2397.0,0.46307884856070086,0.46307884856070086
2016-12-06,2414.0,0.3852526926263463,0.3852526926263463
2016-12-07,2404.0,0.3722961730449251,0.3722961730449251
2016-12-08,2367.0,0.3324883819180397,0.3324883819180397
2016-12-09,2225.0,0.2791011235955056,0.2791011235955056
2016-12-12,2410.0,0.44356846473029043,0.44356846473029043
2016-12-13,2414.0,0.31897265948632975,0.31897265948632975
2016-12-14,2376.0,0.38047138047138046,0.38047138047138046
2016-12-15,2373.0,0.3581963758954909,0.3581963758954909
2016-12-16,2276.0,0.3071177504393673,0.3071177504393673
2016-12-19,2384.0,0.5096476510067114,0.5096476510067114
2016-12-20,2378.0,0.3322119428090833,0.3322119428090833
2016-12-21,2403.0,0.38660008322929673,0.38660008322929673
2016-12-22,2345.0,0.22345415778251598,0.22345415778251598
2016-12-23,2119.0,0.26427560169891456,0.26427560169891456
2016-12-26,2305.0,0.5171366594360087,0.5171366594360087
2016-12-27,2342.0,0.3514090520922289,0.3514090520922289
2016-12-28,2314.0,0.33146067415730335,0.33146067415730335
2016-12-29,2262.0,0.31432360742705573,0.31432360742705573
2016-12-30,2049.0,0.3211322596388482,0.3211322596388482
2017-01-02,2499.0,0.5094037615046019,0.5094037615046019
2017-01-03,2478.0,0.42009685230024213,0.42009685230024213
2017-01-04,2460.0,0.3857723577235772,0.3857723577235772
2017-01-05,2411.0,0.41476565740356697,0.41476565740356697
2017-01-06,2284.0,0.36339754816112085,0.36339754816112085
2017-01-09,2410.0,0.5485477178423237,0.5485477178423237
2017-01-10,2428.0,0.48846787479406917,0.48846787479406917
2017-01-11,2417.0,0.4298717418287133,0.4298717418287133
2017-01-12,2374.0,0.4111204717775906,0.4111204717775906
2017-01-13,2259.0,0.35015493581230633,0.35015493581230633
2017-01-16,2378.0,0.5353238015138773,0.5353238015138773
2017-01-17,2407.0,0.4299958454507686,0.4299958454507686
2017-01-18,2398.0,0.35988323603002503,0.35988323603002503
2017-01-19,2368.0,0.3657094594594595,0.3657094594594595
2017-01-20,2223.0,0.31893837156995053,0.31893837156995053
2017-01-23,2387.0,0.48261416003351487,0.48261416003351487
2017-01-24,2416.0,0.4031456953642384,0.4031456953642384
2017-01-25,2415.0,0.2981366459627329,0.2981366459627329
2017-01-26,2211.0,0.3817277250113071,0.3817277250113071
2017-01-31,2462.0,0.503655564581641,0.503655564581641
2017-02-01,2392.0,0.5267558528428093,0.5267558528428093
2017-02-02,2370.0,0.4240506329113924,0.4240506329113924
2017-02-03,2275.0,0.37538461538461537,0.37538461538461537
2017-02-06,2381.0,0.5539689206215875,0.5539689206215875
2017-02-07,2385.0,0.46708595387840673,0.46708595387840673
2017-02-08,2374.0,0.44987363100252736,0.44987363100252736
2017-02-09,2340.0,0.40726495726495726,0.40726495726495726
2017-02-10,2199.0,0.36243747157799,0.36243747157799
2017-02-13,2375.0,0.5743157894736842,0.5743157894736842
2017-02-14,2356.0,0.42317487266553483,0.42317487266553483
2017-02-15,2348.0,0.4450596252129472,0.4450596252129472
2017-02-16,2336.0,0.4143835616438356,0.4143835616438356
2017-02-17,2219.0,0.33934204596665163,0.33934204596665163
2017-02-20,2329.0,0.5221124946328897,0.5221124946328897
2017-02-21,2343.0,0.42851045667947074,0.42851045667947074
2017-02-22,2305.0,0.46203904555314534,0.46203904555314534
2017-02-23,2285.0,0.4013129102844639,0.4013129102844639
2017-02-24,2167.0,0.32210429164743887,0.32210429164743887
2017-02-27,2317.0,0.49244712990936557,0.49244712990936557
2017-02-28,2273.0,0.42058952925648924,0.42058952925648924
2017-03-02,2222.0,0.4756975697569757,0.4756975697569757
2017-03-03,2197.0,0.42148384160218477,0.42148384160218477
2017-03-06,2363.0,0.554803216250529,0.554803216250529
2017-03-07,2372.0,0.4190556492411467,0.4190556492411467
2017-03-08,2348.0,0.3743611584327087,0.3743611584327087
2017-03-09,2318.0,0.4115616911130285,0.4115616911130285
2017-03-10,2191.0,0.3030579643998174,0.3030579643998174
2017-03-13,2334.0,0.5548414738646101,0.5548414738646101
2017-03-14,2351.0,0.41344108889834114,0.41344108889834114
2017-03-15,2353.0,0.40841478963025923,0.40841478963025923
2017-03-16,2321.0,0.4097371822490306,0.4097371822490306
2017-03-17,2199.0,0.2842201000454752,0.2842201000454752
2017-03-20,2334.0,0.5689802913453299,0.5689802913453299
2017-03-21,2350.0,0.4,0.4
2017-03-22,2339.0,0.407439076528431,0.407439076528431
2017-03-23,2320.0,0.39267241379310347,0.39267241379310347
2017-03-24,2167.0,0.297185048454084,0.297185048454084
2017-03-27,2280.0,0.4885964912280702,0.4885964912280702
2017-03-28,2335.0,0.41541755888650966,0.41541755888650966
2017-03-29,2348.0,0.41141396933560476,0.41141396933560476
2017-03-30,2282.0,0.3514460999123576,0.3514460999123576
2017-03-31,2184.0,0.2925824175824176,0.2925824175824176
2017-04-03,2347.0,0.536003408606732,0.536003408606732
2017-04-04,2360.0,0.34279661016949153,0.34279661016949153
2017-04-05,2312.0,0.458477508650519,0.458477508650519
2017-04-06,2290.0,0.39170305676855893,0.39170305676855893
2017-04-07,2184.0,0.27564102564102566,0.27564102564102566
2017-04-10,2316.0,0.5259067357512953,0.5259067357512953
2017-04-11,2348.0,0.4233390119250426,0.4233390119250426
2017-04-12,2344.0,0.38097269624573377,0.38097269624573377
2017-04-13,2295.0,0.3416122004357299,0.3416122004357299
2017-04-14,2206.0,0.24524025385312784,0.24524025385312784
2017-04-17,2324.0,0.5322719449225474,0.5322719449225474
2017-04-18,2325.0,0.3608602150537634,0.3608602150537634
2017-04-19,2334.0,0.3731790916880891,0.3731790916880891
2017-04-20,2294.0,0.3108108108108108,0.3108108108108108
2017-04-21,2182.0,0.2506874427131072,0.2506874427131072
2017-04-24,2290.0,0.48427947598253274,0.48427947598253274
2017-04-25,2269.0,0.3486117232260908,0.3486117232260908
2017-04-26,2277.0,0.36671058410188845,0.36671058410188845
2017-04-27,2254.0,0.34960070984915703,0.34960070984915703
2017-04-28,2155.0,0.2668213457076566,0.2668213457076566
2017-05-02,1581.0,0.33206831119544594,0.33206831119544594
2017-05-04,1372.0,0.2791545189504373,0.2791545189504373
2017-05-08,1792.0,0.4419642857142857,0.4419642857142857
2017-05-10,2346.0,0.5264279624893435,0.5264279624893435
2017-05-11,2316.0,0.3579447322970639,0.3579447322970639
2017-05-12,2235.0,0.3655480984340045,0.3655480984340045
2017-05-15,2350.0,0.5119148936170212,0.5119148936170212
2017-05-16,2330.0,0.38197424892703863,0.38197424892703863
2017-05-17,2323.0,0.3719328454584589,0.3719328454584589
2017-05-18,2290.0,0.3475982532751092,0.3475982532751092
2017-05-19,2186.0,0.302836230558097,0.302836230558097
2017-05-22,2334.0,0.5171379605826907,0.5171379605826907
2017-05-23,2333.0,0.3810544363480497,0.3810544363480497
2017-05-24,2311.0,0.3686715707485937,0.3686715707485937
2017-05-25,2290.0,0.36593886462882097,0.36593886462882097
2017-05-26,2171.0,0.2749884845693229,0.2749884845693229
2017-05-29,2309.0,0.5166738847986141,0.5166738847986141
2017-05-30,2324.0,0.35327022375215145,0.35327022375215145
2017-05-31,2329.0,0.39072563331902105,0.39072563331902105
2017-06-01,2317.0,0.3944756150194217,0.3944756150194217
2017-06-02,2190.0,0.31917808219178084,0.31917808219178084
2017-06-05,1865.0,0.4075067024128686,0.4075067024128686
2017-06-07,2345.0,0.48059701492537316,0.48059701492537316
2017-06-08,2311.0,0.37083513630463005,0.37083513630463005
2017-06-09,2224.0,0.3214928057553957,0.3214928057553957
2017-06-12,2352.0,0.4846938775510204,0.4846938775510204
2017-06-13,2367.0,0.38698774820447823,0.38698774820447823
2017-06-14,2340.0,0.3876068376068376,0.3876068376068376
2017-06-15,2316.0,0.32944732297063906,0.32944732297063906
2017-06-16,2179.0,0.2955484167049105,0.2955484167049105
2017-06-19,2320.0,0.4853448275862069,0.4853448275862069
2017-06-20,2329.0,0.3812795191069128,0.3812795191069128
2017-06-21,2319.0,0.42345838723587753,0.42345838723587753
2017-06-22,2306.0,0.37944492627927146,0.37944492627927146
2017-06-23,2196.0,0.2773224043715847,0.2773224043715847
2017-06-26,2299.0,0.4989125706829056,0.4989125706829056
2017-06-27,2333.0,0.41705957993999143,0.41705957993999143
2017-06-28,2331.0,0.3196053196053196,0.3196053196053196
2017-06-29,2316.0,0.35146804835924006,0.35146804835924006
2017-06-30,2164.0,0.3211645101663586,0.3211645101663586
2017-07-03,2559.0,0.48104728409534975,0.48104728409534975
2017-07-04,2542.0,0.37844217151848936,0.37844217151848936
2017-07-05,2533.0,0.3600473746545598,0.3600473746545598
2017-07-06,2499.0,0.328531412565026,0.328531412565026
2017-07-07,2405.0,0.2548856548856549,0.2548856548856549
2017-07-10,2526.0,0.42913697545526525,0.42913697545526525
2017-07-11,2545.0,0.34027504911591355,0.34027504911591355
2017-07-12,2507.0,0.36617471080973274,0.36617471080973274
2017-07-13,2483.0,0.3080950463149416,0.3080950463149416
2017-07-14,2344.0,0.261518771331058,0.261518771331058
2017-07-17,2495.0,0.46813627254509016,0.46813627254509016
2017-07-18,2502.0,0.36610711430855314,0.36610711430855314
2017-07-19,2501.0,0.3318672530987605,0.3318672530987605
2017-07-20,2471.0,0.3035208417644678,0.3035208417644678
2017-07-21,2332.0,0.27787307032590053,0.27787307032590053
2017-07-24,2391.0,0.46800501882057716,0.46800501882057716
2017-07-25,2382.0,0.34718723761544923,0.34718723761544923
2017-07-26,2339.0,0.34074390765284307,0.34074390765284307
2017-07-27,2265.0,0.35496688741721855,0.35496688741721855
2017-07-28,2156.0,0.2323747680890538,0.2323747680890538
2017-07-31,2159.0,0.43770264011116256,0.43770264011116256
2017-08-01,1998.0,0.37287287287287285,0.37287287287287285
2017-08-02,2003.0,0.39890164752870694,0.39890164752870694
2017-08-03,1987.0,0.3905385002516356,0.3905385002516356
2017-08-04,1863.0,0.35856146001073536,0.35856146001073536
2017-08-07,2049.0,0.5261102977061981,0.5261102977061981
2017-08-08,2024.0,0.4160079051383399,0.4160079051383399
2017-08-09,2007.0,0.471350274040857,0.471350274040857
2017-08-10,1979.0,0.39262253663466395,0.39262253663466395
2017-08-11,1839.0,0.3860793909733551,0.3860793909733551
2017-08-14,1651.0,0.41913991520290733,0.41913991520290733
2017-08-16,2062.0,0.47187196896217265,0.47187196896217265
2017-08-17,2067.0,0.39816158684083214,0.39816158684083214
2017-08-18,1977.0,0.3697521497218007,0.3697521497218007
2017-08-21,2402.0,0.5129059117402165,0.5129059117402165
2017-08-22,2358.0,0.44656488549618323,0.44656488549618323
2017-08-23,2358.0,0.40415606446140795,0.40415606446140795
2017-08-24,2308.0,0.3652512998266898,0.3652512998266898
2017-08-25,2171.0,0.27360663288807,0.27360663288807
2017-08-28,2251.0,0.5290981785872946,0.5290981785872946
2017-08-29,2264.0,0.3873674911660777,0.3873674911660777
2017-08-30,2259.0,0.3975210270030987,0.3975210270030987
2017-08-31,2254.0,0.3779946761313221,0.3779946761313221
2017-09-01,2162.0,0.3066604995374653,0.3066604995374653
2017-09-04,2286.0,0.510936132983377,0.510936132983377
2017-09-05,2303.0,0.4012158054711246,0.4012158054711246
2017-09-06,2298.0,0.4012184508268059,0.4012184508268059
2017-09-07,2285.0,0.40525164113785556,0.40525164113785556
2017-09-08,2182.0,0.30339138405132904,0.30339138405132904
2017-09-11,2338.0,0.5774165953806673,0.5774165953806673
2017-09-12,2328.0,0.4265463917525773,0.4265463917525773
2017-09-13,2332.0,0.40523156089193824,0.40523156089193824
2017-09-14,2283.0,0.37669732807709155,0.37669732807709155
2017-09-15,2154.0,0.27948003714020425,0.27948003714020425
2017-09-18,2329.0,0.5212537569772434,0.5212537569772434
2017-09-19,2347.0,0.4081806561567959,0.4081806561567959
2017-09-20,2301.0,0.3867883528900478,0.3867883528900478
2017-09-21,2292.0,0.35776614310645727,0.35776614310645727
2017-09-22,2177.0,0.33762057877813506,0.33762057877813506
2017-09-25,2287.0,0.4805421950153039,0.4805421950153039
2017-09-26,2300.0,0.39217391304347826,0.39217391304347826
2017-09-27,2307.0,0.4434330299089727,0.4434330299089727
2017-09-28,2277.0,0.25867369345630215,0.25867369345630215
2017-09-29,2180.0,0.3486238532110092,0.3486238532110092
2017-10-10,2331.0,0.5426855426855427,0.5426855426855427
2017-10-11,2335.0,0.4749464668094218,0.4749464668094218
2017-10-12,2330.0,0.4244635193133047,0.4244635193133047
2017-10-13,2314.0,0.43863439930855663,0.43863439930855663
2017-10-16,2330.0,0.5034334763948498,0.5034334763948498
2017-10-17,2331.0,0.3637923637923638,0.3637923637923638
2017-10-18,2330.0,0.34935622317596565,0.34935622317596565
2017-10-19,2296.0,0.39242160278745647,0.39242160278745647
2017-10-20,2154.0,0.24744661095636025,0.24744661095636025
2017-10-23,2279.0,0.48924967090829313,0.48924967090829313
2017-10-24,2322.0,0.44659776055124895,0.44659776055124895
2017-10-25,2281.0,0.34458570802279703,0.34458570802279703
2017-10-26,2242.0,0.36752899197145406,0.36752899197145406
2017-10-27,2126.0,0.2666980244590781,0.2666980244590781
2017-10-30,2271.0,0.5063848524878908,0.5063848524878908
2017-10-31,2292.0,0.4166666666666667,0.4166666666666667
2017-11-01,2302.0,0.3540399652476108,0.3540399652476108
2017-11-02,2287.0,0.3734149540883253,0.3734149540883253
2017-11-03,2167.0,0.297185048454084,0.297185048454084
2017-11-06,2307.0,0.505851755526658,0.505851755526658
2017-11-07,2301.0,0.4098218166014776,0.4098218166014776
2017-11-08,2308.0,0.3379549393414211,0.3379549393414211
2017-11-09,2267.0,0.35156594618438464,0.35156594618438464
2017-11-10,2168.0,0.29059040590405905,0.29059040590405905
2017-11-13,2297.0,0.4427514148889856,0.4427514148889856
2017-11-14,2297.0,0.40226382237701347,0.40226382237701347
2017-11-15,2281.0,0.39237176676896096,0.39237176676896096
2017-11-16,2232.0,0.32974910394265233,0.32974910394265233
2017-11-17,2120.0,0.3018867924528302,0.3018867924528302
2017-11-20,2300.0,0.48478260869565215,0.48478260869565215
2017-11-21,2311.0,0.4128083080917352,0.4128083080917352
2017-11-22,2303.0,0.35475466782457665,0.35475466782457665
2017-11-23,2234.0,0.3393017009847807,0.3393017009847807
2017-11-24,2131.0,0.2641952135147818,0.2641952135147818
2017-11-27,2250.0,0.47333333333333333,0.47333333333333333
2017-11-28,2267.0,0.4097926775474195,0.4097926775474195
2017-11-29,2305.0,0.39175704989154014,0.39175704989154014
2017-11-30,2280.0,0.3425438596491228,0.3425438596491228
2017-12-01,2154.0,0.3064066852367688,0.3064066852367688
2017-12-04,2342.0,0.48761742100768574,0.48761742100768574
2017-12-05,2380.0,0.3945378151260504,0.3945378151260504
2017-12-06,2333.0,0.36862408915559364,0.36862408915559364
2017-12-07,2297.0,0.3221593382673052,0.3221593382673052
2017-12-08,2192.0,0.31113138686131386,0.31113138686131386
2017-12-11,2353.0,0.4951126221844454,0.4951126221844454
2017-12-12,2355.0,0.3753715498938429,0.3753715498938429
2017-12-13,2352.0,0.41581632653061223,0.41581632653061223
2017-12-14,2294.0,0.3814298169136879,0.3814298169136879
2017-12-15,2169.0,0.28492392807745504,0.28492392807745504
2017-12-18,2295.0,0.5006535947712418,0.5006535947712418
2017-12-19,2287.0,0.31263664188893747,0.31263664188893747
2017-12-20,2295.0,0.35468409586056643,0.35468409586056643
2017-12-21,2276.0,0.30404217926186294,0.30404217926186294
2017-12-22,2156.0,0.26205936920222633,0.26205936920222633
2017-12-26,2171.0,0.4214647627821281,0.4214647627821281
2017-12-27,2241.0,0.25479696564033916,0.25479696564033916
2017-12-28,2165.0,0.14364896073903002,0.14364896073903002
2017-12-29,1934.0,0.20372285418821096,0.20372285418821096
2018-01-02,2480.0,0.4629032258064516,0.4629032258064516
2018-01-03,2388.0,0.36976549413735343,0.36976549413735343
2018-01-04,2362.0,0.378069432684166,0.378069432684166
2018-01-05,2257.0,0.33761630482941957,0.33761630482941957
2018-01-08,2361.0,0.49894112664125373,0.49894112664125373
2018-01-09,2370.0,0.34430379746835443,0.34430379746835443
2018-01-10,2387.0,0.362379555927943,0.362379555927943
2018-01-11,2344.0,0.3886518771331058,0.3886518771331058
2018-01-12,2226.0,0.3050314465408805,0.3050314465408805
2018-01-15,2351.0,0.5342407486176095,0.5342407486176095
2018-01-16,2366.0,0.4547759932375317,0.4547759932375317
2018-01-17,2362.0,0.4102455546147333,0.4102455546147333
2018-01-18,2324.0,0.35714285714285715,0.35714285714285715
2018-01-19,2156.0,0.3033395176252319,0.3033395176252319
2018-01-22,2341.0,0.5301153353267835,0.5301153353267835
2018-01-23,2359.0,0.36964815599830436,0.36964815599830436
2018-01-24,2380.0,0.3550420168067227,0.3550420168067227
2018-01-25,2373.0,0.31774125579435314,0.31774125579435314
2018-01-26,2227.0,0.3242029636281994,0.3242029636281994
2018-01-29,2393.0,0.5921437526117844,0.5921437526117844
2018-01-30,2379.0,0.4430432955023119,0.4430432955023119
2018-01-31,2376.0,0.47895622895622897,0.47895622895622897
2018-02-01,2380.0,0.42100840336134454,0.42100840336134454
2018-02-02,2276.0,0.3339191564147627,0.3339191564147627
2018-02-05,2418.0,0.5674110835401158,0.5674110835401158
2018-02-06,2422.0,0.4479768786127168,0.4479768786127168
2018-02-07,2395.0,0.4622129436325679,0.4622129436325679
2018-02-08,2363.0,0.41641980533220485,0.41641980533220485
2018-02-09,2262.0,0.32007073386383733,0.32007073386383733
2018-02-12,2360.0,0.5300847457627119,0.5300847457627119
2018-02-13,2366.0,0.4036348267117498,0.4036348267117498
2018-02-14,2130.0,0.39906103286384975,0.39906103286384975
2018-02-19,2281.0,0.5690486628671635,0.5690486628671635
2018-02-20,2394.0,0.4615705931495405,0.4615705931495405
2018-02-21,2390.0,0.45481171548117155,0.45481171548117155
2018-02-22,2348.0,0.42078364565587734,0.42078364565587734
2018-02-23,2242.0,0.2903657448706512,0.2903657448706512
2018-02-26,2371.0,0.5027414592998735,0.5027414592998735
2018-02-27,2363.0,0.3952602623783326,0.3952602623783326
2018-02-28,2295.0,0.34248366013071896,0.34248366013071896
2018-03-02,1668.0,0.30455635491606714,0.30455635491606714
2018-03-05,2411.0,0.5620074657818332,0.5620074657818332
2018-03-06,2418.0,0.4218362282878412,0.4218362282878412
2018-03-07,2435.0,0.43408624229979464,0.43408624229979464
2018-03-08,2408.0,0.40406976744186046,0.40406976744186046
2018-03-09,2297.0,0.31171092729647365,0.31171092729647365
2018-03-12,2428.0,0.5605436573311368,0.5605436573311368
2018-03-13,2426.0,0.41096455070074195,0.41096455070074195
2018-03-14,2413.0,0.3928719436386241,0.3928719436386241
2018-03-15,2397.0,0.4067584480600751,0.4067584480600751
2018-03-16,2277.0,0.31049626701800614,0.31049626701800614
2018-03-19,2410.0,0.48091286307053943,0.48091286307053943
2018-03-20,2422.0,0.42939719240297275,0.42939719240297275
2018-03-21,2406.0,0.4538653366583541,0.4538653366583541
2018-03-22,2368.0,0.3796452702702703,0.3796452702702703
2018-03-23,2233.0,0.3399014778325123,0.3399014778325123
2018-03-26,2363.0,0.5399915361828185,0.5399915361828185
2018-03-27,2404.0,0.4180532445923461,0.4180532445923461
2018-03-28,2417.0,0.38311956971452216,0.38311956971452216
2018-03-29,2390.0,0.3916317991631799,0.3916317991631799
2018-03-30,2222.0,0.27722772277227725,0.27722772277227725
2018-04-02,2407.0,0.5035313668466971,0.5035313668466971
2018-04-03,2392.0,0.33444816053511706,0.33444816053511706
2018-04-04,2383.0,0.3789341166596727,0.3789341166596727
2018-04-05,2360.0,0.3597457627118644,0.3597457627118644
2018-04-06,2199.0,0.3369713506139154,0.3369713506139154
2018-04-09,2375.0,0.5402105263157895,0.5402105263157895
2018-04-10,2392.0,0.35744147157190637,0.35744147157190637
2018-04-11,2452.0,0.3278955954323002,0.3278955954323002
2018-04-12,2406.0,0.33083956774729845,0.33083956774729845
2018-04-13,2258.0,0.2887511071744907,0.2887511071744907
2018-04-16,2396.0,0.49874791318864775,0.49874791318864775
2018-04-17,2414.0,0.3728251864125932,0.3728251864125932
2018-04-18,2397.0,0.38464747601168126,0.38464747601168126
2018-04-19,2328.0,0.3634020618556701,0.3634020618556701
2018-04-20,2217.0,0.2728912945421741,0.2728912945421741
2018-04-23,2390.0,0.5213389121338912,0.5213389121338912
2018-04-24,2380.0,0.3949579831932773,0.3949579831932773
2018-04-25,2363.0,0.36013542107490476,0.36013542107490476
2018-04-26,2352.0,0.32355442176870747,0.32355442176870747
2018-04-27,2205.0,0.3056689342403628,0.3056689342403628
2018-04-30,1888.0,0.3331567796610169,0.3331567796610169
2018-05-02,2364.0,0.48096446700507617,0.48096446700507617
2018-05-03,2323.0,0.38011192423590184,0.38011192423590184
2018-05-04,2196.0,0.28688524590163933,0.28688524590163933
2018-05-08,2357.0,0.5197284683920238,0.5197284683920238
2018-05-09,2366.0,0.3884192730346577,0.3884192730346577
2018-05-10,2350.0,0.32468085106382977,0.32468085106382977
2018-05-11,2242.0,0.26851025869759143,0.26851025869759143
2018-05-14,2392.0,0.5137959866220736,0.5137959866220736
2018-05-15,2385.0,0.4209643605870021,0.4209643605870021
2018-05-16,2399.0,0.42976240100041685,0.42976240100041685
2018-05-17,2372.0,0.34190556492411467,0.34190556492411467
2018-05-18,2274.0,0.24758135444151275,0.24758135444151275
2018-05-21,1716.0,0.31643356643356646,0.31643356643356646
2018-05-23,2386.0,0.4463537300922045,0.4463537300922045
2018-05-24,2376.0,0.31734006734006737,0.31734006734006737
2018-05-25,2292.0,0.2591623036649215,0.2591623036649215
2018-05-28,2408.0,0.542358803986711,0.542358803986711
2018-05-29,2390.0,0.3895397489539749,0.3895397489539749
2018-05-30,2360.0,0.3711864406779661,0.3711864406779661
2018-05-31,2348.0,0.3645655877342419,0.3645655877342419
2018-06-01,2257.0,0.2875498449268941,0.2875498449268941
2018-06-04,2355.0,0.5142250530785563,0.5142250530785563
2018-06-05,2332.0,0.379073756432247,0.379073756432247
2018-06-07,2276.0,0.39103690685413006,0.39103690685413006
2018-06-08,2188.0,0.2883912248628885,0.2883912248628885
2018-06-11,2380.0,0.5159663865546219,0.5159663865546219
2018-06-12,2338.0,0.3870829769033362,0.3870829769033362
2018-06-14,2278.0,0.4108867427568042,0.4108867427568042
2018-06-15,2199.0,0.29058663028649384,0.29058663028649384
2018-06-18,2412.0,0.4432006633499171,0.4432006633499171
2018-06-19,2413.0,0.3945296311645255,0.3945296311645255
2018-06-20,2398.0,0.3648874061718098,0.3648874061718098
2018-06-21,2374.0,0.33319292333614153,0.33319292333614153
2018-06-22,2245.0,0.24587973273942093,0.24587973273942093
2018-06-25,2384.0,0.47315436241610737,0.47315436241610737
2018-06-26,2414.0,0.41922120961060483,0.41922120961060483
2018-06-27,2385.0,0.40125786163522015,0.40125786163522015
2018-06-28,2359.0,0.3403984739296312,0.3403984739296312
2018-06-29,2219.0,0.2284812978819288,0.2284812978819288
2018-07-02,2399.0,0.5243851604835348,0.5243851604835348
2018-07-03,2413.0,0.4040613344384584,0.4040613344384584
2018-07-04,2373.0,0.3333333333333333,0.3333333333333333
2018-07-05,2341.0,0.3741990602306707,0.3741990602306707
2018-07-06,2221.0,0.2976136875281405,0.2976136875281405
2018-07-09,2337.0,0.46940522036799315,0.46940522036799315
2018-07-10,2357.0,0.3555366991938905,0.3555366991938905
2018-07-11,2354.0,0.3797790994052676,0.3797790994052676
2018-07-12,2332.0,0.3276157804459691,0.3276157804459691
2018-07-13,2202.0,0.2656675749318801,0.2656675749318801
2018-07-16,2355.0,0.4505307855626327,0.4505307855626327
2018-07-17,2337.0,0.47753530166880614,0.47753530166880614
2018-07-18,2342.0,0.3582408198121264,0.3582408198121264
2018-07-19,2306.0,0.32437120555073723,0.32437120555073723
2018-07-20,2140.0,0.22850467289719625,0.22850467289719625
2018-07-23,2257.0,0.43907842268498004,0.43907842268498004
2018-07-24,2271.0,0.3901365037428446,0.3901365037428446
2018-07-25,2222.0,0.342034203420342,0.342034203420342
2018-07-26,2167.0,0.3294877711121366,0.3294877711121366
2018-07-27,2030.0,0.29014778325123153,0.29014778325123153
2018-07-30,2024.0,0.466403162055336,0.466403162055336
2018-07-31,2043.0,0.38619676945668135,0.38619676945668135
2018-08-01,2298.0,0.3568320278503046,0.3568320278503046
2018-08-02,2219.0,0.28436232537178907,0.28436232537178907
2018-08-03,2089.0,0.2584968884633796,0.2584968884633796
2018-08-06,2334.0,0.46786632390745503,0.46786632390745503
2018-08-07,2321.0,0.3330461008186127,0.3330461008186127
2018-08-08,2291.0,0.39109559144478395,0.39109559144478395
2018-08-09,2278.0,0.3604038630377524,0.3604038630377524
2018-08-10,2180.0,0.25137614678899084,0.25137614678899084
2018-08-13,2237.0,0.41573535985695126,0.41573535985695126
2018-08-14,2228.0,0.3464991023339318,0.3464991023339318
2018-08-16,2287.0,0.344993441189331,0.344993441189331
2018-08-17,2221.0,0.2908599729851418,0.2908599729851418
2018-08-20,2586.0,0.46365042536736273,0.46365042536736273
2018-08-21,2591.0,0.37514473176379776,0.37514473176379776
2018-08-22,2611.0,0.38299502106472616,0.38299502106472616
2018-08-23,2601.0,0.32103037293348713,0.32103037293348713
2018-08-24,2493.0,0.2719614921780987,0.2719614921780987
2018-08-27,2632.0,0.46390577507598785,0.46390577507598785
2018-08-28,2649.0,0.32955832389580975,0.32955832389580975
2018-08-29,2635.0,0.34724857685009486,0.34724857685009486
2018-08-30,2626.0,0.3233054074638233,0.3233054074638233
2018-08-31,2491.0,0.32798073063026895,0.32798073063026895
2018-09-03,2408.0,0.5037375415282392,0.5037375415282392
2018-09-04,2410.0,0.3892116182572614,0.3892116182572614
2018-09-05,2401.0,0.3452728029987505,0.3452728029987505
2018-09-06,2374.0,0.34962089300758215,0.34962089300758215
2018-09-07,2296.0,0.2530487804878049,0.2530487804878049
2018-09-10,2421.0,0.4725320115654688,0.4725320115654688
2018-09-11,2424.0,0.39603960396039606,0.39603960396039606
2018-09-12,2390.0,0.3368200836820084,0.3368200836820084
2018-09-13,2390.0,0.36903765690376567,0.36903765690376567
2018-09-14,2276.0,0.17794376098418277,0.17794376098418277
2018-09-17,2420.0,0.49132231404958676,0.49132231404958676
2018-09-18,2407.0,0.3930203572912339,0.3930203572912339
2018-09-19,2398.0,0.34737281067556297,0.34737281067556297
2018-09-20,2393.0,0.3414124529878813,0.3414124529878813
2018-09-21,2262.0,0.41069849690539345,0.41069849690539345
2018-10-08,2148.0,0.4166666666666667,0.4166666666666667
2018-10-10,2493.0,0.5290814279983955,0.5290814279983955
2018-10-11,2498.0,0.48478783026421135,0.48478783026421135
2018-10-12,2325.0,0.2675268817204301,0.2675268817204301
2018-10-15,2461.0,0.5018285249898415,0.5018285249898415
2018-10-16,2469.0,0.3758606723369785,0.3758606723369785
2018-10-17,2443.0,0.31150225133033155,0.31150225133033155
2018-10-18,2432.0,0.35238486842105265,0.35238486842105265
2018-10-19,2295.0,0.27320261437908494,0.27320261437908494
2018-10-22,2428.0,0.4843492586490939,0.4843492586490939
2018-10-23,2455.0,0.3674134419551935,0.3674134419551935
2018-10-24,2424.0,0.32054455445544555,0.32054455445544555
2018-10-25,2380.0,0.3033613445378151,0.3033613445378151
2018-10-26,2234.0,0.23634735899731424,0.23634735899731424
2018-10-29,2400.0,0.4816666666666667,0.4816666666666667
2018-10-30,2416.0,0.38576158940397354,0.38576158940397354
2018-10-31,2388.0,0.38944723618090454,0.38944723618090454
2018-11-01,2427.0,0.2896580140090647,0.2896580140090647
2018-11-02,2305.0,0.23383947939262473,0.23383947939262473
2018-11-05,2463.0,0.44173771822980107,0.44173771822980107
2018-11-06,2477.0,0.32821962050867987,0.32821962050867987
2018-11-07,2448.0,0.35130718954248363,0.35130718954248363
2018-11-08,2458.0,0.37672904800650936,0.37672904800650936
2018-11-09,2328.0,0.21305841924398625,0.21305841924398625
2018-11-12,2464.0,0.46834415584415584,0.46834415584415584
2018-11-13,2444.0,0.32037643207855976,0.32037643207855976
2018-11-14,2463.0,0.32480714575720665,0.32480714575720665
2018-11-15,2386.0,0.31307627829002516,0.31307627829002516
2018-11-16,2269.0,0.27148523578669015,0.27148523578669015
2018-11-19,2467.0,0.4556141062018646,0.4556141062018646
2018-11-20,2467.0,0.29995946493717063,0.29995946493717063
2018-11-21,2444.0,0.3404255319148936,0.3404255319148936
2018-11-22,2448.0,0.29330065359477125,0.29330065359477125
2018-11-23,2288.0,0.23033216783216784,0.23033216783216784
2018-11-26,2493.0,0.43200962695547535,0.43200962695547535
2018-11-27,2491.0,0.33681252509032517,0.33681252509032517
2018-11-28,2448.0,0.352124183006536,0.352124183006536
2018-11-29,2436.0,0.32594417077175697,0.32594417077175697
2018-11-30,2305.0,0.23557483731019524,0.23557483731019524
2018-12-03,2579.0,0.4839084916634354,0.4839084916634354
2018-12-04,2536.0,0.3592271293375394,0.3592271293375394
2018-12-05,2505.0,0.3532934131736527,0.3532934131736527
2018-12-06,2490.0,0.3072289156626506,0.3072289156626506
2018-12-07,2364.0,0.28510998307952623,0.28510998307952623
2018-12-10,2544.0,0.47209119496855345,0.47209119496855345
2018-12-11,2527.0,0.3494261970716264,0.3494261970716264
2018-12-12,2509.0,0.3140693503387804,0.3140693503387804
2018-12-13,2528.0,0.3026107594936709,0.3026107594936709
2018-12-14,2409.0,0.27563304275633044,0.27563304275633044
2018-12-17,2555.0,0.45792563600782776,0.45792563600782776
2018-12-18,2516.0,0.32313195548489665,0.32313195548489665
2018-12-19,2504.0,0.28354632587859424,0.28354632587859424
2018-12-20,2498.0,0.31385108086469177,0.31385108086469177
2018-12-21,2410.0,0.1892116182572614,0.1892116182572614
2018-12-24,1793.0,0.16508644729503624,0.16508644729503624
2018-12-26,2421.0,0.28707145807517553,0.28707145807517553
2018-12-27,2411.0,0.21443384487764414,0.21443384487764414
2018-12-28,2267.0,0.21658579620644022,0.21658579620644022
2018-12-31,1629.0,0.2038060159607121,0.2038060159607121
2019-01-02,2748.0,0.4370451237263464,0.4370451237263464
2019-01-03,2658.0,0.3227990970654628,0.3227990970654628
2019-01-04,2533.0,0.26371891038294515,0.26371891038294515
2019-01-07,2661.0,0.4028560691469372,0.4028560691469372
2019-01-08,2664.0,0.31493993993993996,0.31493993993993996
2019-01-09,2675.0,0.2908411214953271,0.2908411214953271
2019-01-10,2648.0,0.28965256797583083,0.28965256797583083
2019-01-11,2557.0,0.24520922956589752,0.24520922956589752
2019-01-14,2700.0,0.43074074074074076,0.43074074074074076
2019-01-15,2691.0,0.35785953177257523,0.35785953177257523
2019-01-16,2677.0,0.38139708629062385,0.38139708629062385
2019-01-17,2667.0,0.3138357705286839,0.3138357705286839
2019-01-18,2513.0,0.23278949462793475,0.23278949462793475
2019-01-21,2672.0,0.4752994011976048,0.4752994011976048
2019-01-22,2682.0,0.331469052945563,0.331469052945563
2019-01-23,2675.0,0.35813084112149535,0.35813084112149535
2019-01-24,2653.0,0.31172257821334337,0.31172257821334337
2019-01-25,2532.0,0.26342812006319116,0.26342812006319116
2019-01-28,2688.0,0.42410714285714285,0.42410714285714285
2019-01-29,2705.0,0.3578558225508318,0.3578558225508318
2019-01-30,2693.0,0.25213516524322316,0.25213516524322316
2019-01-31,2671.0,0.2864095844253089,0.2864095844253089
2019-02-01,2343.0,0.34314980793854033,0.34314980793854033
2019-02-07,2313.0,0.49459576307825337,0.49459576307825337
2019-02-08,2243.0,0.43245653143111906,0.43245653143111906
2019-02-11,2580.0,0.5655038759689922,0.5655038759689922
2019-02-12,2515.0,0.43817097415506956,0.43817097415506956
2019-02-13,2514.0,0.4152744630071599,0.4152744630071599
2019-02-14,2494.0,0.38612670408981553,0.38612670408981553
2019-02-15,2369.0,0.28788518362178134,0.28788518362178134
2019-02-18,2507.0,0.5241324291982449,0.5241324291982449
2019-02-19,2516.0,0.41812400635930047,0.41812400635930047
2019-02-20,2500.0,0.402,0.402
2019-02-21,2456.0,0.38884364820846906,0.38884364820846906
2019-02-22,2327.0,0.2711645896003438,0.2711645896003438
2019-02-25,2470.0,0.525910931174089,0.525910931174089
2019-02-26,2458.0,0.37591537835638733,0.37591537835638733
2019-02-27,2432.0,0.3881578947368421,0.3881578947368421
2019-02-28,2281.0,0.33844804910127135,0.33844804910127135
2019-03-04,2451.0,0.5197878416972664,0.5197878416972664
2019-03-05,2539.0,0.37022449783379285,0.37022449783379285
2019-03-06,2542.0,0.4173878835562549,0.4173878835562549
2019-03-07,2526.0,0.3345209817893903,0.3345209817893903
2019-03-08,2406.0,0.27556109725685785,0.27556109725685785
2019-03-11,2550.0,0.5007843137254901,0.5007843137254901
2019-03-12,2533.0,0.37741808132649035,0.37741808132649035
2019-03-13,2531.0,0.3765310154089293,0.3765310154089293
2019-03-14,2488.0,0.3179260450160772,0.3179260450160772
2019-03-15,2358.0,0.26717557251908397,0.26717557251908397
2019-03-18,2512.0,0.5019904458598726,0.5019904458598726
2019-03-19,2516.0,0.3934817170111288,0.3934817170111288
2019-03-20,2498.0,0.388310648518815,0.388310648518815
2019-03-21,2495.0,0.4865731462925852,0.4865731462925852
2019-03-22,2373.0,0.23893805309734514,0.23893805309734514
2019-03-25,2493.0,0.46129161652627354,0.46129161652627354
2019-03-26,2501.0,0.367453018792483,0.367453018792483
2019-03-27,2485.0,0.344466800804829,0.344466800804829
2019-03-28,2470.0,0.32793522267206476,0.32793522267206476
2019-03-29,2296.0,0.20949477351916376,0.20949477351916376
2019-04-01,2499.0,0.4117647058823529,0.4117647058823529
2019-04-02,2502.0,0.34172661870503596,0.34172661870503596
2019-04-03,2480.0,0.3185483870967742,0.3185483870967742
2019-04-04,2474.0,0.3011317704122878,0.3011317704122878
2019-04-05,2334.0,0.24635818337617824,0.24635818337617824
2019-04-08,2496.0,0.4427083333333333,0.4427083333333333
2019-04-09,2514.0,0.34844868735083534,0.34844868735083534
2019-04-10,2513.0,0.3139673696776761,0.3139673696776761
2019-04-11,2522.0,0.33505154639175255,0.33505154639175255
2019-04-12,2379.0,0.23245060949978982,0.23245060949978982
2019-04-15,2531.0,0.46779928881864874,0.46779928881864874
2019-04-16,2534.0,0.35714285714285715,0.35714285714285715
2019-04-17,2502.0,0.36370903277378097,0.36370903277378097
2019-04-18,2465.0,0.31115618661257605,0.31115618661257605
2019-04-19,2298.0,0.29721496953872933,0.29721496953872933
2019-04-22,2460.0,0.44471544715447153,0.44471544715447153
2019-04-23,2490.0,0.35582329317269074,0.35582329317269074
2019-04-24,2490.0,0.41526104417670684,0.41526104417670684
2019-04-25,2443.0,0.28735161686451083,0.28735161686451083
2019-04-26,2310.0,0.24761904761904763,0.24761904761904763
2019-04-29,2418.0,0.49917287014061207,0.49917287014061207
2019-04-30,2372.0,0.30101180438448566,0.30101180438448566
2019-05-02,2275.0,0.3331868131868132,0.3331868131868132
2019-05-03,2201.0,0.2971376646978646,0.2971376646978646
2019-05-07,2419.0,0.5047540305911534,0.5047540305911534
2019-05-08,2448.0,0.3598856209150327,0.3598856209150327
2019-05-09,2447.0,0.3914997956681651,0.3914997956681651
2019-05-10,2357.0,0.25753075943996606,0.25753075943996606
2019-05-13,2475.0,0.4488888888888889,0.4488888888888889
2019-05-14,2493.0,0.3638186923385479,0.3638186923385479
2019-05-15,2472.0,0.3592233009708738,0.3592233009708738
2019-05-16,2470.0,0.31983805668016196,0.31983805668016196
2019-05-17,2310.0,0.17662337662337663,0.17662337662337663
2019-05-20,2502.0,0.469224620303757,0.469224620303757
2019-05-21,2482.0,0.34004834810636586,0.34004834810636586
2019-05-22,2493.0,0.3333333333333333,0.3333333333333333
2019-05-23,2462.0,0.26726238830219334,0.26726238830219334
2019-05-24,2325.0,0.218494623655914,0.218494623655914
2019-05-27,2527.0,0.482390185991294,0.482390185991294
2019-05-28,2542.0,0.3662470495672699,0.3662470495672699
2019-05-29,2538.0,0.3530338849487786,0.3530338849487786
2019-05-30,2494.0,0.3352044907778669,0.3352044907778669
2019-05-31,2355.0,0.27176220806794055,0.27176220806794055
2019-06-03,2446.0,0.4991823385118561,0.4991823385118561
2019-06-04,2442.0,0.3939393939393939,0.3939393939393939
2019-06-05,2367.0,0.32150401351922264,0.32150401351922264
2019-06-07,1649.0,0.23590054578532443,0.23590054578532443
2019-06-10,2408.0,0.5116279069767442,0.5116279069767442
2019-06-11,2436.0,0.33004926108374383,0.33004926108374383
2019-06-12,2420.0,0.36198347107438017,0.36198347107438017
2019-06-13,2405.0,0.28232848232848234,0.28232848232848234
2019-06-14,2270.0,0.23700440528634362,0.23700440528634362
2019-06-17,2423.0,0.4535699546017334,0.4535699546017334
2019-06-18,2429.0,0.3511733223548785,0.3511733223548785
2019-06-19,2420.0,0.36446280991735536,0.36446280991735536
2019-06-20,2377.0,0.26293647454774927,0.26293647454774927
2019-06-21,2276.0,0.2218804920913884,0.2218804920913884
2019-06-24,2444.0,0.4521276595744681,0.4521276595744681
2019-06-25,2426.0,0.3194558944765045,0.3194558944765045
2019-06-26,2407.0,0.3930203572912339,0.3930203572912339
2019-06-27,2393.0,0.33765148349352275,0.33765148349352275
2019-06-28,2241.0,0.23873270861222667,0.23873270861222667
2019-07-01,2427.0,0.48413679439637414,0.48413679439637414
2019-07-02,2436.0,0.3230706075533662,0.3230706075533662
2019-07-03,2413.0,0.37712391214256114,0.37712391214256114
2019-07-04,2356.0,0.2966893039049236,0.2966893039049236
2019-07-05,2261.0,0.24148606811145512,0.24148606811145512
2019-07-08,2328.0,0.4231099656357388,0.4231099656357388
2019-07-09,2410.0,0.35726141078838175,0.35726141078838175
2019-07-10,2351.0,0.36665248830284985,0.36665248830284985
2019-07-11,2357.0,0.3097157403478999,0.3097157403478999
2019-07-12,2210.0,0.38733031674208146,0.38733031674208146
2019-07-15,2384.0,0.47273489932885904,0.47273489932885904
2019-07-16,2433.0,0.39128647759967117,0.39128647759967117
2019-07-17,2405.0,0.3384615384615385,0.3384615384615385
2019-07-18,2373.0,0.30931310577328275,0.30931310577328275
2019-07-19,2233.0,0.24093148231079264,0.24093148231079264
2019-07-22,2319.0,0.4368262181974989,0.4368262181974989
2019-07-23,2308.0,0.37045060658578854,0.37045060658578854
2019-07-24,2284.0,0.3257443082311734,0.3257443082311734
2019-07-25,2205.0,0.3029478458049887,0.3029478458049887
2019-07-26,2084.0,0.22168905950095968,0.22168905950095968
2019-07-29,2102.0,0.42721217887725976,0.42721217887725976
2019-07-30,2113.0,0.3525792711784193,0.3525792711784193
2019-07-31,2034.0,0.30432645034414946,0.30432645034414946
2019-08-01,2540.0,0.2551181102362205,0.2551181102362205
2019-08-02,2381.0,0.18479630407391853,0.18479630407391853
2019-08-05,2660.0,0.3518796992481203,0.3518796992481203
2019-08-06,2675.0,0.2983177570093458,0.2983177570093458
2019-08-07,2651.0,0.3172387778196907,0.3172387778196907
2019-08-08,2621.0,0.2979778710415872,0.2979778710415872
2019-08-09,2548.0,0.25156985871271587,0.25156985871271587
2019-08-12,2703.0,0.39696633370329265,0.39696633370329265
2019-08-13,2706.0,0.3004434589800443,0.3004434589800443
2019-08-14,2629.0,0.2712057816660327,0.2712057816660327
2019-08-16,2071.0,0.22501207146306132,0.22501207146306132
2019-08-19,2829.0,0.4414987628137151,0.4414987628137151
2019-08-20,2845.0,0.335676625659051,0.335676625659051
2019-08-21,2826.0,0.32661004953998585,0.32661004953998585
2019-08-22,2852.0,0.3085553997194951,0.3085553997194951
2019-08-23,2742.0,0.21845368344274252,0.21845368344274252
2019-08-26,2913.0,0.4191555097837281,0.4191555097837281
2019-08-27,2921.0,0.3153029784320438,0.3153029784320438
2019-08-28,2908.0,0.3091471801925722,0.3091471801925722
2019-08-29,2884.0,0.29299583911234395,0.29299583911234395
2019-08-30,2747.0,0.2093192573716782,0.2093192573716782
2019-09-02,2761.0,0.4936617167692865,0.4936617167692865
2019-09-03,2754.0,0.3427741466957153,0.3427741466957153
2019-09-04,2739.0,0.280759401241329,0.280759401241329
2019-09-05,2701.0,0.2880414661236579,0.2880414661236579
2019-09-06,2596.0,0.26463790446841295,0.26463790446841295
2019-09-09,2746.0,0.4471959213401311,0.4471959213401311
2019-09-10,2731.0,0.29732698645184913,0.29732698645184913
2019-09-11,2550.0,0.3592156862745098,0.3592156862745098
2019-09-16,2672.0,0.4801646706586826,0.4801646706586826
2019-09-17,2795.0,0.3613595706618962,0.3613595706618962
2019-09-18,2790.0,0.36057347670250894,0.36057347670250894
2019-09-19,2741.0,0.2557460780736957,0.2557460780736957
2019-09-20,2627.0,0.25199847735059,0.25199847735059
2019-09-23,2783.0,0.445203018325548,0.445203018325548
2019-09-24,2775.0,0.323963963963964,0.323963963963964
2019-09-25,2766.0,0.2903109182935647,0.2903109182935647
2019-09-26,2724.0,0.2276064610866373,0.2276064610866373
2019-09-27,2625.0,0.27504761904761904,0.27504761904761904
2019-09-30,2597.0,0.39661147477859066,0.39661147477859066
2019-10-02,2660.0,0.46654135338345865,0.46654135338345865
2019-10-04,2622.0,0.4633867276887872,0.4633867276887872
2019-10-07,2713.0,0.41761887209730925,0.41761887209730925
2019-10-08,2645.0,0.3338374291115312,0.3338374291115312
2019-10-10,2568.0,0.3356697819314642,0.3356697819314642
2019-10-11,2447.0,0.23130363710666121,0.23130363710666121
2019-10-14,2732.0,0.4172767203513909,0.4172767203513909
2019-10-15,2749.0,0.31538741360494726,0.31538741360494726
2019-10-16,2727.0,0.28052805280528054,0.28052805280528054
2019-10-17,2676.0,0.2645739910313901,0.2645739910313901
2019-10-18,2489.0,0.2334270791482523,0.2334270791482523
2019-10-21,2726.0,0.4060895084372707,0.4060895084372707
2019-10-22,2644.0,0.4122541603630862,0.4122541603630862
2019-10-23,2746.0,0.28587035688273854,0.28587035688273854
2019-10-24,2679.0,0.2631578947368421,0.2631578947368421
2019-10-25,2482.0,0.2199838839645447,0.2199838839645447
2019-10-28,2635.0,0.34724857685009486,0.34724857685009486
2019-10-29,2716.0,0.2974963181148748,0.2974963181148748
2019-10-30,2705.0,0.2850277264325323,0.2850277264325323
2019-10-31,2679.0,0.25046659201194477,0.25046659201194477
2019-11-01,2529.0,0.2317121391854488,0.2317121391854488
2019-11-04,2710.0,0.3904059040590406,0.3904059040590406
2019-11-05,2729.0,0.2832539391718578,0.2832539391718578
2019-11-06,2690.0,0.28736059479553905,0.28736059479553905
2019-11-07,2669.0,0.26227051330086176,0.26227051330086176
2019-11-08,2524.0,0.21196513470681458,0.21196513470681458
2019-11-11,2718.0,0.3969830757910228,0.3969830757910228
2019-11-12,2726.0,0.2820983125458547,0.2820983125458547
2019-11-13,2678.0,0.2737117251680358,0.2737117251680358
2019-11-14,2630.0,0.25741444866920155,0.25741444866920155
2019-11-15,2436.0,0.2229064039408867,0.2229064039408867
2019-11-18,2691.0,0.3835005574136009,0.3835005574136009
2019-11-19,2680.0,0.28432835820895525,0.28432835820895525
2019-11-20,2642.0,0.28728236184708555,0.28728236184708555
2019-11-21,2612.0,0.23468606431852987,0.23468606431852987
2019-11-22,2465.0,0.2235294117647059,0.2235294117647059
2019-11-25,2699.0,0.4064468321600593,0.4064468321600593
2019-11-26,2705.0,0.30166358595194087,0.30166358595194087
2019-11-27,2682.0,0.27293064876957496,0.27293064876957496
2019-11-28,2640.0,0.24393939393939393,0.24393939393939393
2019-11-29,2496.0,0.22916666666666666,0.22916666666666666
2019-12-02,2741.0,0.41590660342940533,0.41590660342940533
2019-12-03,2749.0,0.31757002546380503,0.31757002546380503
2019-12-04,2736.0,0.32127192982456143,0.32127192982456143
2019-12-05,2686.0,0.29002233804914374,0.29002233804914374
2019-12-06,2500.0,0.2524,0.2524
2019-12-09,2729.0,0.4104067423964822,0.4104067423964822
2019-12-10,2708.0,0.2740029542097489,0.2740029542097489
2019-12-11,2678.0,0.32038834951456313,0.32038834951456313
2019-12-12,2664.0,0.2743993993993994,0.2743993993993994
2019-12-13,2535.0,0.25207100591715975,0.25207100591715975
2019-12-16,2694.0,0.4094283593170007,0.4094283593170007
2019-12-17,2689.0,0.2748233544068427,0.2748233544068427
2019-12-18,2659.0,0.25686348251222263,0.25686348251222263
2019-12-19,2676.0,0.3221225710014948,0.3221225710014948
2019-12-20,2513.0,0.19140469558296858,0.19140469558296858
2019-12-23,2540.0,0.2917322834645669,0.2917322834645669
2019-12-24,2417.0,0.1911460488208523,0.1911460488208523
2019-12-26,2324.0,0.25559380378657487,0.25559380378657487
2019-12-27,2169.0,0.17842323651452283,0.17842323651452283
2019-12-30,2356.0,0.2767402376910017,0.2767402376910017
2019-12-31,2253.0,0.1549045716822015,0.1549045716822015
2020-01-02,2433.0,0.4048499794492396,0.4048499794492396
2020-01-03,2314.0,0.27441659464131374,0.27441659464131374
2020-01-06,2494.0,0.4542902967121091,0.4533813525410164
2020-01-07,2515.0,0.3594433399602386,0.3584456780333069
2020-01-08,2477.0,0.2987484860718611,0.29814665592264306
2020-01-09,2449.0,0.3156390363413638,0.31473941368078173
2020-01-10,2292.0,0.25,0.2496732026143791
2020-01-13,2462.0,0.38383428107229894,0.38383428107229894
2020-01-14,2489.0,0.32944957814383286,0.32944957814383286
2020-01-15,2489.0,0.25431900361591,0.25431900361591
2020-01-16,2485.0,0.3062374245472837,0.3062374245472837
2020-01-17,2310.0,0.3012987012987013,0.3012987012987013
2020-01-20,2490.0,0.43172690763052207,0.43172690763052207
2020-01-21,2488.0,0.34887459807073956,0.34887459807073956
2020-01-22,2459.0,0.31801545343635623,0.31801545343635623
2020-01-23,2199.0,0.31150522964984084,0.31150522964984084
2020-01-28,2394.0,0.4352548036758563,0.4352548036758563
2020-01-29,2506.0,0.4776536312849162,0.4776536312849162
2020-01-30,2484.0,0.2962962962962963,0.2962962962962963
2020-01-31,2373.0,0.26253687315634217,0.26253687315634217
2020-02-03,2562.0,0.421935987509758,0.42177136168552476
2020-02-04,2578.0,0.32932505818463925,0.32932505818463925
2020-02-05,2595.0,0.2543352601156069,0.2543352601156069
2020-02-06,2549.0,0.2499019223224794,0.2499019223224794
2020-02-07,2485.0,0.21690140845070421,0.21690140845070421
2020-02-10,2671.0,0.46162485960314487,0.46162485960314487
2020-02-11,2622.0,0.4099923722349352,0.4099923722349352
2020-02-12,2597.0,0.4516750096264921,0.4516750096264921
2020-02-13,2552.0,0.3268025078369906,0.3268025078369906
2020-02-14,2439.0,0.31816318163181634,0.31816318163181634
2020-02-17,2602.0,0.5265180630284396,0.5265180630284396
2020-02-18,2586.0,0.36310904872389793,0.36310904872389793
2020-02-19,2586.0,0.35962877030162416,0.35962877030162416
2020-02-20,2540.0,0.3251968503937008,0.3251968503937008
2020-02-21,2414.0,0.2597348798674399,0.2597348798674399
2020-02-24,2572.0,0.4984447900466563,0.4984447900466563
2020-02-25,2597.0,0.4767038891028109,0.4767038891028109
2020-02-26,2573.0,0.42945977458219975,0.42945977458219975
2020-02-27,2529.0,0.39541320680110714,0.39463299131807417
2020-02-28,2421.0,0.3097893432465923,0.3088962108731466
2020-03-02,2695.0,0.5053803339517625,0.5027685492801772
2020-03-03,2677.0,0.40119536794919686,0.39940498326515433
2020-03-04,2652.0,0.3766968325791855,0.3740172220142269
2020-03-05,2619.0,0.37762504772814054,0.37547456340167046
2020-03-06,2521.0,0.25466084886949625,0.2534544018949862
2020-03-09,2714.0,0.47015475313190863,0.4673992673992674
2020-03-10,2695.0,0.37810760667903526,0.3753222836095764
2020-03-11,2656.0,0.3640813253012048,0.3609555804404629
2020-03-12,2612.0,0.30781010719754975,0.3058197033092431
2020-03-13,2506.0,0.23663208300079808,0.23475851148060173
2020-03-16,2722.0,0.47171197648787655,0.46810061975938755
2020-03-17,2698.0,0.33876945885841364,0.3362766740250184
2020-03-18,2668.0,0.31146926536731634,0.3085777942814705
2020-03-19,2626.0,0.3156892612338157,0.31342155009451794
2020-03-20,2376.0,0.2638888888888889,0.24970131421744324
2020-03-23,2378.0,0.4667788057190917,0.4168231318062336
2020-03-24,2379.0,0.4552332912988651,0.40380313199105144
2020-03-25,2379.0,0.4295922656578394,0.38105891126025354
2020-03-26,2396.0,0.39858096828046746,0.35581222056631895
2020-03-27,2280.0,0.36798245614035086,0.3303149606299213
2020-03-30,2179.0,0.45892611289582375,0.3749531308586427
2020-03-31,2181.0,0.39385602934433744,0.3165070007369197
2020-04-01,2258.0,0.4158547387068202,0.35063480209111275
2020-04-02,2242.0,0.45004460303300625,0.3826317785362154
2020-04-03,2123.0,0.37776731040979744,0.32561916362159965
2020-04-06,2127.0,0.5458392101551481,0.44585253456221197
2020-04-07,2152.0,0.4502788104089219,0.3667676003028009
2020-04-08,2152.0,0.4795539033457249,0.3922462941847206
2020-04-09,2134.0,0.41237113402061853,0.3356216628527841
2020-04-10,2020.0,0.38613861386138615,0.3200656544932294
2020-04-13,2204.0,0.5195099818511797,0.43191248585439457
2020-04-14,2101.0,0.4183722037125179,0.339907192575406
2020-04-16,2068.0,0.45793036750483557,0.37654075546719684
2020-04-17,2027.0,0.3744449925999013,0.31415562913907286
2020-04-20,2203.0,0.4943259192010894,0.4072550486163052
2020-04-21,2215.0,0.41128668171557564,0.3418386491557223
2020-04-22,2183.0,0.43289051763628034,0.35986290936785986
2020-04-23,2167.0,0.40609137055837563,0.3379416282642089
2020-04-24,2076.0,0.3078034682080925,0.25943970767356883
2020-04-27,2227.0,0.5491692860350247,0.4623818525519849
2020-04-28,2211.0,0.3726820443238354,0.31438382296833267
2020-04-29,2095.0,0.324582338902148,0.27298273785628263
2020-05-04,1543.0,0.32663642255346725,0.2909930715935335
2020-05-06,2390.0,0.5246861924686193,0.4677359194330474
2020-05-07,2365.0,0.4054968287526427,0.3618867924528302
2020-05-08,2298.0,0.26979982593559615,0.24371069182389937
2020-05-11,2428.0,0.5144151565074135,0.4672652450430228
2020-05-12,2415.0,0.40082815734989646,0.3632270168855535
2020-05-13,2416.0,0.34933774834437087,0.31825037707390647
2020-05-14,2398.0,0.33069224353628024,0.3038314176245211
2020-05-15,2304.0,0.2664930555555556,0.24510978043912177
2020-05-18,2397.0,0.476011681268252,0.4317063942489595
2020-05-19,2412.0,0.3876451077943615,0.35296338240845604
2020-05-20,2390.0,0.3309623430962343,0.29871601208459214
2020-05-21,2412.0,0.2707296849087894,0.24828897338403041
2020-05-22,2253.0,0.2272525521526853,0.2082147214314762
2020-05-25,2429.0,0.43721696171263896,0.39954853273137697
2020-05-26,2472.0,0.31593851132686085,0.29229041916167664
2020-05-27,2428.0,0.2899505766062603,0.26436349981224183
2020-05-28,2414.0,0.2742336371168186,0.2520944402132521
2020-05-29,2240.0,0.20089285714285715,0.18427518427518427
2020-06-01,2447.0,0.45525132815692687,0.4184823441021788
2020-06-02,2448.0,0.31086601307189543,0.2859827132656896
2020-06-03,2451.0,0.2827417380660955,0.26230128690386073
2020-06-04,2393.0,0.2745507730881738,0.25259515570934254
2020-06-05,2256.0,0.22384751773049646,0.20764802631578946
2020-06-08,2398.0,0.47122602168473726,0.43478260869565216
2020-06-09,2458.0,0.33482506102522375,0.31233396584440226
2020-06-10,2432.0,0.2956414473684211,0.2730725408279529
2020-06-11,2422.0,0.2815854665565648,0.2629144178874325
2020-06-12,2274.0,0.22691292875989447,0.21069824418129848
2020-07-01,2521.0,0.3435144783815946,0.3238593866866118
2020-07-02,2495.0,0.27054108216432865,0.2550056667925954
2020-07-03,2291.0,0.26494980357922304,0.2479575163398693
2020-07-06,2479.0,0.45663574021782977,0.4270086759713316
2020-07-07,2526.0,0.36302454473475854,0.342419716206124
2020-07-08,2511.0,0.33731581043409,0.31734732109404273
2020-07-09,2449.0,0.29277256022866477,0.2749233128834356
2020-07-10,2339.0,0.2612227447627191,0.2469684721099434
2020-07-13,2506.0,0.5027932960893855,0.4747550866616428
2020-07-14,2550.0,0.3192156862745098,0.30226513182324544
2020-07-15,2486.0,0.33869670152855996,0.31547396028475083
2020-07-16,2455.0,0.3955193482688391,0.37046928653185807
2020-07-17,2309.0,0.28410567345171067,0.26699226699226697
2020-07-20,2480.0,0.4798387096774194,0.4541984732824427
2020-07-21,2508.0,0.34330143540669855,0.3265073947667804
2020-07-22,2433.0,0.3382655158240855,0.3187451587916344
2020-07-23,2433.0,0.3115495273325113,0.29528632645111025
2020-07-24,2257.0,0.1993797075764289,0.1897133220910624
2020-07-27,2424.0,0.4612211221122112,0.43946540880503143
2020-07-28,2382.0,0.36649874055415615,0.3447867298578199
2020-07-29,2358.0,0.3693808312128923,0.34728867623604465
2020-07-30,2279.0,0.30890741553312856,0.2922374429223744
2020-07-31,2115.0,0.225531914893617,0.21294642857142856
2020-08-03,2225.0,0.4642696629213483,0.44145299145299144
2020-08-04,2238.0,0.34673815907059874,0.32979175520611986
2020-08-05,2202.0,0.32697547683923706,0.3107466551575313
2020-08-06,2180.0,0.35,0.3333333333333333
2020-08-07,2003.0,0.23764353469795307,0.2219114219114219
2020-08-10,2227.0,0.4539739559946116,0.4354005167958656
2020-08-11,2243.0,0.3588943379402586,0.34328358208955223
2020-08-12,2216.0,0.31633574007220217,0.30124623979372583
2020-08-13,2128.0,0.2791353383458647,0.26517857142857143
2020-08-14,1973.0,0.2417638114546376,0.22833891814265198
2020-08-18,2220.0,0.43738738738738736,0.41763440860215056
2020-08-19,2216.0,0.36146209386281586,0.34201537147736977
2020-08-20,2242.0,0.33407671721677074,0.3164343050274609
2020-08-21,2094.0,0.2454632282712512,0.22915737851092288
2020-08-24,2253.0,0.5228584110075455,0.4708233413269384
2020-08-25,2295.0,0.45577342047930286,0.4054263565891473
2020-08-26,2214.0,0.4051490514905149,0.3480791618160652
2020-08-27,2257.0,0.4266725742135578,0.3742712786630393
2020-08-28,2142.0,0.3660130718954248,0.3214432144321443
2020-08-31,2179.0,0.5704451583295089,0.47029890276201286
2020-09-01,2421.0,0.42172655927302766,0.34633649932157395
2020-09-02,2377.0,0.4232225494320572,0.3470162124870645
2020-09-03,2307.0,0.40052015604681407,0.32789212207239177
2020-09-04,2241.0,0.33288710397144133,0.27598964113947466
2020-09-07,2408.0,0.4925249169435216,0.41657885493501934
2020-09-08,2427.0,0.40626287597857436,0.3437935843793584
2020-09-09,2426.0,0.39777411376751853,0.3385964912280702
2020-09-10,2376.0,0.3707912457912458,0.31397006414825374
2020-09-11,2286.0,0.2891513560804899,0.24830954169797145
2020-09-14,2474.0,0.48140662894098624,0.4190710767065447
2020-09-15,2422.0,0.35301403798513625,0.30063291139240506
2020-09-16,2470.0,0.38582995951417004,0.33663016601907453
2020-09-17,2435.0,0.3273100616016427,0.2843382090617196
2020-09-18,2300.0,0.24782608695652175,0.21839080459770116
2020-09-21,2463.0,0.4774665042630938,0.4174653887113951
2020-09-22,2467.0,0.36805837049047424,0.32324670701317193
2020-09-23,2465.0,0.3935091277890467,0.34519572953736655
2020-09-24,2454.0,0.30114099429502855,0.26697976878612717
2020-09-25,2343.0,0.23047375160051217,0.20705521472392638
2020-09-28,1817.0,0.19702806824435884,0.1827462991322103
2020-10-05,2494.0,0.5020048115477145,0.44938980617372576
2020-10-06,2482.0,0.3936341659951652,0.35385729808040567
2020-10-07,2430.0,0.36213991769547327,0.3232916972814107
2020-10-08,2446.0,0.3773507767784137,0.3424860853432282
2020-10-12,2467.0,0.44426428860964734,0.40773809523809523
2020-10-13,2500.0,0.3356,0.31212797619047616
2020-10-14,2502.0,0.31854516386890486,0.29816685372240925
2020-10-15,2467.0,0.32144304823672476,0.30015140045420136
2020-10-16,2378.0,0.27754415475189237,0.2580140734949179
2020-10-19,2519.0,0.4108773322747122,0.38997739261492087
2020-10-20,2539.0,0.33517132729421034,0.31718225866567273
2020-10-21,2502.0,0.3545163868904876,0.33320811419984975
2020-10-22,2459.0,0.32492883285888574,0.304845478824876
2020-10-23,2367.0,0.2737642585551331,0.2589928057553957
2020-10-26,2480.0,0.4310483870967742,0.40739329268292684
2020-10-27,2502.0,0.33533173461231014,0.3180439727065959
2020-10-28,2478.0,0.3192090395480226,0.30237003058103973
2020-10-29,2442.0,0.27313677313677315,0.2586273749515316
2020-10-30,2263.0,0.17587273530711445,0.1679324894514768
2020-11-02,2514.0,0.45743834526650756,0.4346182917611489
2020-11-03,2544.0,0.31839622641509435,0.3055450773293097
2020-11-04,2503.0,0.31522173391929686,0.30045696877380046
2020-11-05,2485.0,0.2398390342052314,0.22914263744713573
2020-11-06,2331.0,0.1969111969111969,0.1873469387755102
2020-11-09,2505.0,0.4295409181636727,0.40819423368740515
2020-11-10,2504.0,0.31309904153354634,0.2983257229832572
2020-11-11,2498.0,0.2990392313851081,0.28587830080367393
2020-11-12,2483.0,0.2730567861457914,0.26197836166924265
2020-11-13,2296.0,0.2304006968641115,0.2193200663349917
2020-11-16,2512.0,0.4251592356687898,0.40454545454545454
2020-11-17,2516.0,0.31160572337042924,0.29753320683111956
2020-11-18,2523.0,0.30677764565992865,0.2925170068027211
2020-11-19,2490.0,0.26224899598393575,0.25115384615384617
2020-11-20,2239.0,0.33363108530594016,0.31307627829002516
2020-11-23,2354.0,0.5488530161427357,0.49407265774378584
2020-11-24,2281.0,0.5067952652345462,0.4382107657316149
2020-11-25,2237.0,0.5122932498882432,0.4367378048780488
2020-11-26,2181.0,0.474094452086199,0.4020217729393468
2020-11-27,2079.0,0.4304954304954305,0.3760504201680672
2020-11-30,2275.0,0.5595604395604395,0.4858778625954199
2020-12-01,2217.0,0.5972034280559314,0.5043809523809524
2020-12-02,2212.0,0.5370705244122965,0.45517241379310347
2020-12-03,2168.0,0.4884686346863469,0.41874258600237246
2020-12-04,2038.0,0.4210009813542689,0.3682403433476395
2020-12-07,2255.0,0.5840354767184035,0.507710100231303
2020-12-08,2259.0,0.5037627268702966,0.4317147192716237
2020-12-09,2181.0,0.4557542411737735,0.3823076923076923
2020-12-10,2212.0,0.4407775768535262,0.3825029423303256
2020-12-11,2072.0,0.3581081081081081,0.31387478849407785
2020-12-14,2291.0,0.5800960279353994,0.5059002664636467
2020-12-15,2208.0,0.5443840579710145,0.46088957055214724
2020-12-16,2249.0,0.5046687416629613,0.4351993865030675
2020-12-17,2246.0,0.4879786286731968,0.4248062015503876
2020-12-18,2084.0,0.44001919385796545,0.383521539104977
2020-12-21,2250.0,0.5582222222222222,0.485129393588258
2020-12-22,2219.0,0.4434429923388914,0.3860337387210671
2020-12-23,2071.0,0.37083534524384354,0.3206680584551148
2020-12-24,1780.0,0.33202247191011236,0.28787140769605457
2021-01-04,2460.0,0.5711382113821138,0.5017857142857143
2021-01-05,2338.0,0.48246364414029086,0.41348973607038125
2021-01-06,2309.0,0.43915114768297964,0.36980306345733044
2021-01-07,2282.0,0.45574057843996496,0.38475767665556787
2021-01-08,2137.0,0.3397285914833879,0.2892430278884462
2021-01-11,2351.0,0.534666099532114,0.4621323529411765
2021-01-12,2328.0,0.41365979381443296,0.35248901903367497
2021-01-13,2335.0,0.3910064239828694,0.3346774193548387
2021-01-14,2318.0,0.44779982743744606,0.3861607142857143
2021-01-15,2193.0,0.320109439124487,0.2772511848341232
2021-01-18,2396.0,0.5329716193656093,0.46385760988013075
2021-01-19,2373.0,0.43742098609355246,0.37814207650273224
2021-01-20,2319.0,0.47132384648555414,0.4033210332103321
2021-01-21,2309.0,0.36032914681680384,0.31278195488721805
2021-01-22,2177.0,0.26596233348644926,0.23346774193548386
2021-01-25,2396.0,0.47787979966611016,0.42049210429673156
2021-01-26,2369.0,0.42845082313212324,0.3716587330648114
