fold,model,group,rules,include_overtime,feature,gain
1,lightgbm,A,v2,True,employees,12868890.878295898
1,lightgbm,A,v2,True,vacation,77729844.02276611
1,lightgbm,A,v2,True,business_trip,81425886.2130127
1,lightgbm,A,v2,True,work_from_home,0.0
1,lightgbm,A,v2,True,overtime,123213046.18939209
1,lightgbm,B,v2,True,employees,10919538.282958984
1,lightgbm,B,v2,True,vacation,46325649.00848389
1,lightgbm,B,v2,True,business_trip,36589301.310791016
1,lightgbm,B,v2,True,work_from_home,0.0
1,lightgbm,B,v2,True,overtime,24536197.95703125
1,lightgbm,B,v2,True,weekday_0,131520408.31652832
1,lightgbm,B,v2,True,weekday_1,308691.2990722656
1,lightgbm,B,v2,True,weekday_2,438102.6600341797
1,lightgbm,B,v2,True,weekday_3,6113190.912231445
1,lightgbm,B,v2,True,weekday_4,43040040.71923828
1,lightgbm,B,v2,True,weekday_5,0.0
1,lightgbm,B,v2,True,weekday_6,0.0
1,lightgbm,C,v1,True,employees,10520652.409179688
1,lightgbm,C,v1,True,vacation,47058024.28961182
1,lightgbm,C,v1,True,business_trip,36446884.152038574
1,lightgbm,C,v1,True,work_from_home,0.0
1,lightgbm,C,v1,True,overtime,24488662.538024902
1,lightgbm,C,v1,True,weekday_0,131825481.47460938
1,lightgbm,C,v1,True,weekday_1,285019.52893066406
1,lightgbm,C,v1,True,weekday_2,426001.59765625
1,lightgbm,C,v1,True,weekday_3,6087188.147827148
1,lightgbm,C,v1,True,weekday_4,43013249.17114258
1,lightgbm,C,v1,True,weekday_5,0.0
1,lightgbm,C,v1,True,weekday_6,0.0
1,lightgbm,C,v1,True,menu_meat,500229.82971191406
1,lightgbm,C,v1,True,menu_fish,784201.9906005859
1,lightgbm,C,v1,True,menu_noodles,0.0
1,lightgbm,C,v1,True,menu_special,0.0
1,lightgbm,C,v1,True,menu_rice_bowl,410466.2081298828
1,lightgbm,C,v1,True,menu_soup,0.0
1,lightgbm,C,v2,True,employees,10552571.71685791
1,lightgbm,C,v2,True,vacation,46466936.52838135
1,lightgbm,C,v2,True,business_trip,36641325.61810303
1,lightgbm,C,v2,True,work_from_home,0.0
1,lightgbm,C,v2,True,overtime,24712150.948913574
1,lightgbm,C,v2,True,weekday_0,131773493.22070312
1,lightgbm,C,v2,True,weekday_1,292659.59814453125
1,lightgbm,C,v2,True,weekday_2,426001.59765625
1,lightgbm,C,v2,True,weekday_3,6182819.578979492
1,lightgbm,C,v2,True,weekday_4,43068121.16656494
1,lightgbm,C,v2,True,weekday_5,0.0
1,lightgbm,C,v2,True,weekday_6,0.0
1,lightgbm,C,v2,True,menu_meat,487892.6203613281
1,lightgbm,C,v2,True,menu_fish,705555.8106689453
1,lightgbm,C,v2,True,menu_noodles,4647.869873046875
1,lightgbm,C,v2,True,menu_special,0.0
1,lightgbm,C,v2,True,menu_rice_bowl,427914.01171875
1,lightgbm,C,v2,True,menu_soup,0.0
1,lightgbm,D,v1,True,employees,5812836.966491699
1,lightgbm,D,v1,True,vacation,42128187.455200195
1,lightgbm,D,v1,True,business_trip,30781037.487365723
1,lightgbm,D,v1,True,work_from_home,0.0
1,lightgbm,D,v1,True,overtime,26578990.93017578
1,lightgbm,D,v1,True,weekday_0,130840926.40307617
1,lightgbm,D,v1,True,weekday_1,218311.30029296875
1,lightgbm,D,v1,True,weekday_2,158921.30078125
1,lightgbm,D,v1,True,weekday_3,6050608.624389648
1,lightgbm,D,v1,True,weekday_4,42881241.060058594
1,lightgbm,D,v1,True,weekday_5,0.0
1,lightgbm,D,v1,True,weekday_6,0.0
1,lightgbm,D,v1,True,menu_meat,368095.0700683594
1,lightgbm,D,v1,True,menu_fish,592910.7390136719
1,lightgbm,D,v1,True,menu_noodles,125567.80041503906
1,lightgbm,D,v1,True,menu_special,0.0
1,lightgbm,D,v1,True,menu_rice_bowl,262619.3895263672
1,lightgbm,D,v1,True,menu_soup,0.0
1,lightgbm,D,v1,True,temp_mean,4586757.046875
1,lightgbm,D,v1,True,temp_max,5795001.051208496
1,lightgbm,D,v1,True,temp_min,9040493.121154785
1,lightgbm,D,v1,True,humidity,4718748.828918457
1,lightgbm,D,v2,True,employees,5930246.848144531
1,lightgbm,D,v2,True,vacation,42494441.60546875
1,lightgbm,D,v2,True,business_trip,31132925.286743164
1,lightgbm,D,v2,True,work_from_home,0.0
1,lightgbm,D,v2,True,overtime,26254642.403015137
1,lightgbm,D,v2,True,weekday_0,130693527.3569336
1,lightgbm,D,v2,True,weekday_1,229148.1767578125
1,lightgbm,D,v2,True,weekday_2,158921.30078125
1,lightgbm,D,v2,True,weekday_3,6058541.748046875
1,lightgbm,D,v2,True,weekday_4,42858163.39941406
1,lightgbm,D,v2,True,weekday_5,0.0
1,lightgbm,D,v2,True,weekday_6,0.0
1,lightgbm,D,v2,True,menu_meat,394342.37939453125
1,lightgbm,D,v2,True,menu_fish,567657.0876464844
1,lightgbm,D,v2,True,menu_noodles,100020.53991699219
1,lightgbm,D,v2,True,menu_special,0.0
1,lightgbm,D,v2,True,menu_rice_bowl,304643.86962890625
1,lightgbm,D,v2,True,menu_soup,0.0
1,lightgbm,D,v2,True,temp_mean,4556433.21887207
1,lightgbm,D,v2,True,temp_max,5795829.683532715
1,lightgbm,D,v2,True,temp_min,9191373.330200195
1,lightgbm,D,v2,True,humidity,4369022.520874023
1,xgboost,A,v2,True,employees,0.048503316938877106
1,xgboost,A,v2,True,vacation,0.23303332924842834
1,xgboost,A,v2,True,business_trip,0.24659770727157593
1,xgboost,A,v2,True,work_from_home,0.0
1,xgboost,A,v2,True,overtime,0.4718656539916992
1,xgboost,B,v2,True,employees,0.004951236769556999
1,xgboost,B,v2,True,vacation,0.02287118136882782
1,xgboost,B,v2,True,business_trip,0.013451052829623222
1,xgboost,B,v2,True,work_from_home,0.0
1,xgboost,B,v2,True,overtime,0.01928497664630413
1,xgboost,B,v2,True,weekday_0,0.402595192193985
1,xgboost,B,v2,True,weekday_1,0.004445370752364397
1,xgboost,B,v2,True,weekday_2,0.052764441817998886
1,xgboost,B,v2,True,weekday_3,0.0337081104516983
1,xgboost,B,v2,True,weekday_4,0.4459283649921417
1,xgboost,B,v2,True,weekday_5,0.0
1,xgboost,B,v2,True,weekday_6,0.0
1,xgboost,C,v1,True,employees,0.004590809345245361
1,xgboost,C,v1,True,vacation,0.02045189030468464
1,xgboost,C,v1,True,business_trip,0.011448916979134083
1,xgboost,C,v1,True,work_from_home,0.0
1,xgboost,C,v1,True,overtime,0.017660444602370262
1,xgboost,C,v1,True,weekday_0,0.40012311935424805
1,xgboost,C,v1,True,weekday_1,0.004922129213809967
1,xgboost,C,v1,True,weekday_2,0.05946558341383934
1,xgboost,C,v1,True,weekday_3,0.027952520176768303
1,xgboost,C,v1,True,weekday_4,0.44109708070755005
1,xgboost,C,v1,True,weekday_5,0.0
1,xgboost,C,v1,True,weekday_6,0.0
1,xgboost,C,v1,True,menu_meat,0.003661356633529067
1,xgboost,C,v1,True,menu_fish,0.004148347303271294
1,xgboost,C,v1,True,menu_noodles,0.0016719595296308398
1,xgboost,C,v1,True,menu_special,0.0
1,xgboost,C,v1,True,menu_rice_bowl,0.00280582532286644
1,xgboost,C,v1,True,menu_soup,0.0
1,xgboost,C,v2,True,employees,0.004456469789147377
1,xgboost,C,v2,True,vacation,0.01888742670416832
1,xgboost,C,v2,True,business_trip,0.010814224369823933
1,xgboost,C,v2,True,work_from_home,0.0
1,xgboost,C,v2,True,overtime,0.018042035400867462
1,xgboost,C,v2,True,weekday_0,0.3830491006374359
1,xgboost,C,v2,True,weekday_1,0.0036905603483319283
1,xgboost,C,v2,True,weekday_2,0.062464915215969086
1,xgboost,C,v2,True,weekday_3,0.024551955983042717
1,xgboost,C,v2,True,weekday_4,0.46297982335090637
1,xgboost,C,v2,True,weekday_5,0.0
1,xgboost,C,v2,True,weekday_6,0.0
1,xgboost,C,v2,True,menu_meat,0.002894315170124173
1,xgboost,C,v2,True,menu_fish,0.004295012913644314
1,xgboost,C,v2,True,menu_noodles,0.0010559934889897704
1,xgboost,C,v2,True,menu_special,0.0
1,xgboost,C,v2,True,menu_rice_bowl,0.0028181832749396563
1,xgboost,C,v2,True,menu_soup,0.0
1,xgboost,D,v1,True,employees,0.0035589055623859167
1,xgboost,D,v1,True,vacation,0.01996055617928505
1,xgboost,D,v1,True,business_trip,0.010020378045737743
1,xgboost,D,v1,True,work_from_home,0.0
1,xgboost,D,v1,True,overtime,0.018309276551008224
1,xgboost,D,v1,True,weekday_0,0.3872843384742737
1,xgboost,D,v1,True,weekday_1,0.004642402287572622
1,xgboost,D,v1,True,weekday_2,0.021907398477196693
1,xgboost,D,v1,True,weekday_3,0.025036826729774475
1,xgboost,D,v1,True,weekday_4,0.4866299629211426
1,xgboost,D,v1,True,weekday_5,0.0
1,xgboost,D,v1,True,weekday_6,0.0
1,xgboost,D,v1,True,menu_meat,0.003621212439611554
1,xgboost,D,v1,True,menu_fish,0.0025106656830757856
1,xgboost,D,v1,True,menu_noodles,0.001225723186507821
1,xgboost,D,v1,True,menu_special,0.0
1,xgboost,D,v1,True,menu_rice_bowl,0.0022328943014144897
1,xgboost,D,v1,True,menu_soup,0.0
1,xgboost,D,v1,True,temp_mean,0.0029113017953932285
1,xgboost,D,v1,True,temp_max,0.0035228279884904623
1,xgboost,D,v1,True,temp_min,0.003897230140864849
1,xgboost,D,v1,True,humidity,0.002728172577917576
1,xgboost,D,v2,True,employees,0.0036858622916042805
1,xgboost,D,v2,True,vacation,0.020357580855488777
1,xgboost,D,v2,True,business_trip,0.010322915390133858
1,xgboost,D,v2,True,work_from_home,0.0
1,xgboost,D,v2,True,overtime,0.018020445480942726
1,xgboost,D,v2,True,weekday_0,0.37573549151420593
1,xgboost,D,v2,True,weekday_1,0.004061655607074499
1,xgboost,D,v2,True,weekday_2,0.02662038244307041
1,xgboost,D,v2,True,weekday_3,0.022042542695999146
1,xgboost,D,v2,True,weekday_4,0.4975353479385376
1,xgboost,D,v2,True,weekday_5,0.0
1,xgboost,D,v2,True,weekday_6,0.0
1,xgboost,D,v2,True,menu_meat,0.0016802323516458273
1,xgboost,D,v2,True,menu_fish,0.0029248290229588747
1,xgboost,D,v2,True,menu_noodles,0.0009229807765223086
1,xgboost,D,v2,True,menu_special,0.0
1,xgboost,D,v2,True,menu_rice_bowl,0.0025444228667765856
1,xgboost,D,v2,True,menu_soup,0.0
1,xgboost,D,v2,True,temp_mean,0.002999710151925683
1,xgboost,D,v2,True,temp_max,0.0037792131770402193
1,xgboost,D,v2,True,temp_min,0.004023279063403606
1,xgboost,D,v2,True,humidity,0.002743081422522664
1,lightgbm,A,v2,False,employees,22074048.368774414
1,lightgbm,A,v2,False,vacation,119436905.84112549
1,lightgbm,A,v2,False,business_trip,141253508.81451416
1,lightgbm,A,v2,False,work_from_home,0.0
1,lightgbm,B,v2,False,employees,15460024.057128906
1,lightgbm,B,v2,False,vacation,45513671.43621826
1,lightgbm,B,v2,False,business_trip,38136456.73199463
1,lightgbm,B,v2,False,work_from_home,0.0
1,lightgbm,B,v2,False,weekday_0,134223703.2251587
1,lightgbm,B,v2,False,weekday_1,439034.4216308594
1,lightgbm,B,v2,False,weekday_2,491549.89904785156
1,lightgbm,B,v2,False,weekday_3,7545797.334472656
1,lightgbm,B,v2,False,weekday_4,51969097.791137695
1,lightgbm,B,v2,False,weekday_5,0.0
1,lightgbm,B,v2,False,weekday_6,0.0
1,lightgbm,C,v1,False,employees,15742868.45715332
1,lightgbm,C,v1,False,vacation,44782398.97198486
1,lightgbm,C,v1,False,business_trip,38813566.09515381
1,lightgbm,C,v1,False,work_from_home,0.0
1,lightgbm,C,v1,False,weekday_0,133706035.45874023
1,lightgbm,C,v1,False,weekday_1,190606.259765625
1,lightgbm,C,v1,False,weekday_2,444041.63830566406
1,lightgbm,C,v1,False,weekday_3,7510122.083984375
1,lightgbm,C,v1,False,weekday_4,52695100.06970215
1,lightgbm,C,v1,False,weekday_5,0.0
1,lightgbm,C,v1,False,weekday_6,0.0
1,lightgbm,C,v1,False,menu_meat,1198408.9836425781
1,lightgbm,C,v1,False,menu_fish,765989.0971679688
1,lightgbm,C,v1,False,menu_noodles,15892.9560546875
1,lightgbm,C,v1,False,menu_special,0.0
1,lightgbm,C,v1,False,menu_rice_bowl,420959.25341796875
1,lightgbm,C,v1,False,menu_soup,0.0
1,lightgbm,C,v2,False,employees,15828169.540771484
1,lightgbm,C,v2,False,vacation,45161997.75646973
1,lightgbm,C,v2,False,business_trip,39545337.18670654
1,lightgbm,C,v2,False,work_from_home,0.0
1,lightgbm,C,v2,False,weekday_0,133499621.20593262
1,lightgbm,C,v2,False,weekday_1,251754.32080078125
1,lightgbm,C,v2,False,weekday_2,438427.251953125
1,lightgbm,C,v2,False,weekday_3,7562972.398803711
1,lightgbm,C,v2,False,weekday_4,51771406.04003906
1,lightgbm,C,v2,False,weekday_5,0.0
1,lightgbm,C,v2,False,weekday_6,0.0
1,lightgbm,C,v2,False,menu_meat,756000.5085449219
1,lightgbm,C,v2,False,menu_fish,732670.4282226562
1,lightgbm,C,v2,False,menu_noodles,57933.59033203125
1,lightgbm,C,v2,False,menu_special,0.0
1,lightgbm,C,v2,False,menu_rice_bowl,440837.3586425781
1,lightgbm,C,v2,False,menu_soup,0.0
1,lightgbm,D,v1,False,employees,8337722.282470703
1,lightgbm,D,v1,False,vacation,42420237.68774414
1,lightgbm,D,v1,False,business_trip,36004960.78588867
1,lightgbm,D,v1,False,work_from_home,0.0
1,lightgbm,D,v1,False,weekday_0,133464122.71728516
1,lightgbm,D,v1,False,weekday_1,165251.357421875
1,lightgbm,D,v1,False,weekday_2,208062.84008789062
1,lightgbm,D,v1,False,weekday_3,7106899.101318359
1,lightgbm,D,v1,False,weekday_4,50976454.880371094
1,lightgbm,D,v1,False,weekday_5,0.0
1,lightgbm,D,v1,False,weekday_6,0.0
1,lightgbm,D,v1,False,menu_meat,481328.5568847656
1,lightgbm,D,v1,False,menu_fish,619837.4611816406
1,lightgbm,D,v1,False,menu_noodles,111891.91943359375
1,lightgbm,D,v1,False,menu_special,0.0
1,lightgbm,D,v1,False,menu_rice_bowl,245727.798828125
1,lightgbm,D,v1,False,menu_soup,0.0
1,lightgbm,D,v1,False,temp_mean,4849521.507446289
1,lightgbm,D,v1,False,temp_max,7490188.155822754
1,lightgbm,D,v1,False,temp_min,10858021.021240234
1,lightgbm,D,v1,False,humidity,5979083.701538086
1,lightgbm,D,v2,False,employees,7906827.904663086
1,lightgbm,D,v2,False,vacation,42441839.49291992
1,lightgbm,D,v2,False,business_trip,36200190.060302734
1,lightgbm,D,v2,False,work_from_home,0.0
1,lightgbm,D,v2,False,weekday_0,132941187.07128906
1,lightgbm,D,v2,False,weekday_1,74087.96850585938
1,lightgbm,D,v2,False,weekday_2,160107.53100585938
1,lightgbm,D,v2,False,weekday_3,7155284.120849609
1,lightgbm,D,v2,False,weekday_4,51000825.56958008
1,lightgbm,D,v2,False,weekday_5,0.0
1,lightgbm,D,v2,False,weekday_6,0.0
1,lightgbm,D,v2,False,menu_meat,631102.3515625
1,lightgbm,D,v2,False,menu_fish,649692.4392089844
1,lightgbm,D,v2,False,menu_noodles,99612.19079589844
1,lightgbm,D,v2,False,menu_special,0.0
1,lightgbm,D,v2,False,menu_rice_bowl,274788.69970703125
1,lightgbm,D,v2,False,menu_soup,0.0
1,lightgbm,D,v2,False,temp_mean,5268588.359741211
1,lightgbm,D,v2,False,temp_max,7445721.628051758
1,lightgbm,D,v2,False,temp_min,10991418.315551758
1,lightgbm,D,v2,False,humidity,6169571.452392578
1,xgboost,A,v2,False,employees,0.09116276353597641
1,xgboost,A,v2,False,vacation,0.3968772888183594
1,xgboost,A,v2,False,business_trip,0.511959969997406
1,xgboost,A,v2,False,work_from_home,0.0
1,xgboost,B,v2,False,employees,0.004681138321757317
1,xgboost,B,v2,False,vacation,0.018049728125333786
1,xgboost,B,v2,False,business_trip,0.009660156443715096
1,xgboost,B,v2,False,work_from_home,0.0
1,xgboost,B,v2,False,weekday_0,0.4470512270927429
1,xgboost,B,v2,False,weekday_1,0.007841595448553562
1,xgboost,B,v2,False,weekday_2,0.003560402197763324
1,xgboost,B,v2,False,weekday_3,0.023917634040117264
1,xgboost,B,v2,False,weekday_4,0.48523813486099243
1,xgboost,B,v2,False,weekday_5,0.0
1,xgboost,B,v2,False,weekday_6,0.0
1,xgboost,C,v1,False,employees,0.00502908555790782
1,xgboost,C,v1,False,vacation,0.019367730244994164
1,xgboost,C,v1,False,business_trip,0.00975416786968708
1,xgboost,C,v1,False,work_from_home,0.0
1,xgboost,C,v1,False,weekday_0,0.44619274139404297
1,xgboost,C,v1,False,weekday_1,0.00432251300662756
1,xgboost,C,v1,False,weekday_2,0.003437133738771081
1,xgboost,C,v1,False,weekday_3,0.03448321670293808
1,xgboost,C,v1,False,weekday_4,0.4672505259513855
1,xgboost,C,v1,False,weekday_5,0.0
1,xgboost,C,v1,False,weekday_6,0.0
1,xgboost,C,v1,False,menu_meat,0.003577083582058549
1,xgboost,C,v1,False,menu_fish,0.003069804050028324
1,xgboost,C,v1,False,menu_noodles,0.0013482820941135287
1,xgboost,C,v1,False,menu_special,0.0
1,xgboost,C,v1,False,menu_rice_bowl,0.0021677068434655666
1,xgboost,C,v1,False,menu_soup,0.0
1,xgboost,C,v2,False,employees,0.004696909803897142
1,xgboost,C,v2,False,vacation,0.017721988260746002
1,xgboost,C,v2,False,business_trip,0.00947579275816679
1,xgboost,C,v2,False,work_from_home,0.0
1,xgboost,C,v2,False,weekday_0,0.436978280544281
1,xgboost,C,v2,False,weekday_1,0.005640970543026924
1,xgboost,C,v2,False,weekday_2,0.0027560133021324873
1,xgboost,C,v2,False,weekday_3,0.03033251129090786
1,xgboost,C,v2,False,weekday_4,0.4838103652000427
1,xgboost,C,v2,False,weekday_5,0.0
1,xgboost,C,v2,False,weekday_6,0.0
1,xgboost,C,v2,False,menu_meat,0.00220871577039361
1,xgboost,C,v2,False,menu_fish,0.0029261643067002296
1,xgboost,C,v2,False,menu_noodles,0.0012612993596121669
1,xgboost,C,v2,False,menu_special,0.0
1,xgboost,C,v2,False,menu_rice_bowl,0.0021909947972744703
1,xgboost,C,v2,False,menu_soup,0.0
1,xgboost,D,v1,False,employees,0.005832800175994635
1,xgboost,D,v1,False,vacation,0.030169105157256126
1,xgboost,D,v1,False,business_trip,0.01504792831838131
1,xgboost,D,v1,False,work_from_home,0.0
1,xgboost,D,v1,False,weekday_0,0.47642168402671814
1,xgboost,D,v1,False,weekday_1,0.007444646209478378
1,xgboost,D,v1,False,weekday_2,0.005263559054583311
1,xgboost,D,v1,False,weekday_3,0.03312702476978302
1,xgboost,D,v1,False,weekday_4,0.3962063193321228
1,xgboost,D,v1,False,weekday_5,0.0
1,xgboost,D,v1,False,weekday_6,0.0
1,xgboost,D,v1,False,menu_meat,0.004266261123120785
1,xgboost,D,v1,False,menu_fish,0.0031488798558712006
1,xgboost,D,v1,False,menu_noodles,0.0015028538182377815
1,xgboost,D,v1,False,menu_special,0.0
1,xgboost,D,v1,False,menu_rice_bowl,0.0030320724472403526
1,xgboost,D,v1,False,menu_soup,0.0
1,xgboost,D,v1,False,temp_mean,0.004907811060547829
1,xgboost,D,v1,False,temp_max,0.004240262322127819
1,xgboost,D,v1,False,temp_min,0.005040760617703199
1,xgboost,D,v1,False,humidity,0.004347893875092268
1,xgboost,D,v2,False,employees,0.005523851606994867
1,xgboost,D,v2,False,vacation,0.027944771572947502
1,xgboost,D,v2,False,business_trip,0.014029737561941147
1,xgboost,D,v2,False,work_from_home,0.0
1,xgboost,D,v2,False,weekday_0,0.45136645436286926
1,xgboost,D,v2,False,weekday_1,0.004964292980730534
1,xgboost,D,v2,False,weekday_2,0.003154676640406251
1,xgboost,D,v2,False,weekday_3,0.0359802171587944
1,xgboost,D,v2,False,weekday_4,0.4280662536621094
1,xgboost,D,v2,False,weekday_5,0.0
1,xgboost,D,v2,False,weekday_6,0.0
1,xgboost,D,v2,False,menu_meat,0.0033623501658439636
1,xgboost,D,v2,False,menu_fish,0.003057957161217928
1,xgboost,D,v2,False,menu_noodles,0.001663639908656478
1,xgboost,D,v2,False,menu_special,0.0
1,xgboost,D,v2,False,menu_rice_bowl,0.003033220302313566
1,xgboost,D,v2,False,menu_soup,0.0
1,xgboost,D,v2,False,temp_mean,0.004546759650111198
1,xgboost,D,v2,False,temp_max,0.004068885929882526
1,xgboost,D,v2,False,temp_min,0.00531347468495369
1,xgboost,D,v2,False,humidity,0.003923545125871897
2,lightgbm,A,v2,True,employees,27414422.44317627
2,lightgbm,A,v2,True,vacation,91021941.41320801
2,lightgbm,A,v2,True,business_trip,103751824.88311768
2,lightgbm,A,v2,True,work_from_home,0.0
2,lightgbm,A,v2,True,overtime,168128858.0419922
2,lightgbm,B,v2,True,employees,19089171.239257812
2,lightgbm,B,v2,True,vacation,61584660.16540527
2,lightgbm,B,v2,True,business_trip,39835637.96142578
2,lightgbm,B,v2,True,work_from_home,0.0
2,lightgbm,B,v2,True,overtime,40265301.34313965
2,lightgbm,B,v2,True,weekday_0,160402128.4501953
2,lightgbm,B,v2,True,weekday_1,597103.2797241211
2,lightgbm,B,v2,True,weekday_2,92091.70874023438
2,lightgbm,B,v2,True,weekday_3,7990056.534057617
2,lightgbm,B,v2,True,weekday_4,66158993.490722656
2,lightgbm,B,v2,True,weekday_5,0.0
2,lightgbm,B,v2,True,weekday_6,0.0
2,lightgbm,C,v1,True,employees,20167387.48779297
2,lightgbm,C,v1,True,vacation,61380971.645996094
2,lightgbm,C,v1,True,business_trip,39388080.3861084
2,lightgbm,C,v1,True,work_from_home,0.0
2,lightgbm,C,v1,True,overtime,39731927.54345703
2,lightgbm,C,v1,True,weekday_0,160339482.2392578
2,lightgbm,C,v1,True,weekday_1,349342.79052734375
2,lightgbm,C,v1,True,weekday_2,78782.17028808594
2,lightgbm,C,v1,True,weekday_3,7921511.322509766
2,lightgbm,C,v1,True,weekday_4,66095880.40917969
2,lightgbm,C,v1,True,weekday_5,0.0
2,lightgbm,C,v1,True,weekday_6,0.0
2,lightgbm,C,v1,True,menu_meat,676099.3908691406
2,lightgbm,C,v1,True,menu_fish,901894.134765625
2,lightgbm,C,v1,True,menu_noodles,126376.94091796875
2,lightgbm,C,v1,True,menu_special,0.0
2,lightgbm,C,v1,True,menu_rice_bowl,576755.4671630859
2,lightgbm,C,v1,True,menu_soup,0.0
2,lightgbm,C,v2,True,employees,20288264.053649902
2,lightgbm,C,v2,True,vacation,60855999.86785889
2,lightgbm,C,v2,True,business_trip,39987808.592163086
2,lightgbm,C,v2,True,work_from_home,0.0
2,lightgbm,C,v2,True,overtime,40078187.28051758
2,lightgbm,C,v2,True,weekday_0,160291940.4765625
2,lightgbm,C,v2,True,weekday_1,399127.6298828125
2,lightgbm,C,v2,True,weekday_2,94530.98999023438
2,lightgbm,C,v2,True,weekday_3,8049675.28125
2,lightgbm,C,v2,True,weekday_4,65943435.54174805
2,lightgbm,C,v2,True,weekday_5,0.0
2,lightgbm,C,v2,True,weekday_6,0.0
2,lightgbm,C,v2,True,menu_meat,408849.25
2,lightgbm,C,v2,True,menu_fish,881913.3552246094
2,lightgbm,C,v2,True,menu_noodles,123189.90966796875
2,lightgbm,C,v2,True,menu_special,0.0
2,lightgbm,C,v2,True,menu_rice_bowl,618052.6129150391
2,lightgbm,C,v2,True,menu_soup,0.0
2,lightgbm,D,v1,True,employees,13927350.086547852
2,lightgbm,D,v1,True,vacation,57748848.41503906
2,lightgbm,D,v1,True,business_trip,38353339.5300293
2,lightgbm,D,v1,True,work_from_home,0.0
2,lightgbm,D,v1,True,overtime,37023754.42578125
2,lightgbm,D,v1,True,weekday_0,157933799.00683594
2,lightgbm,D,v1,True,weekday_1,348896.6845703125
2,lightgbm,D,v1,True,weekday_2,0.0
2,lightgbm,D,v1,True,weekday_3,8175128.056030273
2,lightgbm,D,v1,True,weekday_4,66768199.09033203
2,lightgbm,D,v1,True,weekday_5,0.0
2,lightgbm,D,v1,True,weekday_6,0.0
2,lightgbm,D,v1,True,menu_meat,554934.6999511719
2,lightgbm,D,v1,True,menu_fish,709672.6384277344
2,lightgbm,D,v1,True,menu_noodles,135890.87060546875
2,lightgbm,D,v1,True,menu_special,0.0
2,lightgbm,D,v1,True,menu_rice_bowl,478817.06005859375
2,lightgbm,D,v1,True,menu_soup,0.0
2,lightgbm,D,v1,True,temp_mean,6362087.153808594
2,lightgbm,D,v1,True,temp_max,4856957.567016602
2,lightgbm,D,v1,True,temp_min,9292380.040771484
2,lightgbm,D,v1,True,humidity,8244353.273925781
2,lightgbm,D,v2,True,employees,14174591.818603516
2,lightgbm,D,v2,True,vacation,57461608.28100586
2,lightgbm,D,v2,True,business_trip,38337372.4777832
2,lightgbm,D,v2,True,work_from_home,0.0
2,lightgbm,D,v2,True,overtime,36754215.48413086
2,lightgbm,D,v2,True,weekday_0,157738291.40234375
2,lightgbm,D,v2,True,weekday_1,317241.17431640625
2,lightgbm,D,v2,True,weekday_2,0.0
2,lightgbm,D,v2,True,weekday_3,8128950.994262695
2,lightgbm,D,v2,True,weekday_4,66780075.72973633
2,lightgbm,D,v2,True,weekday_5,0.0
2,lightgbm,D,v2,True,weekday_6,0.0
2,lightgbm,D,v2,True,menu_meat,694078.5465087891
2,lightgbm,D,v2,True,menu_fish,726418.2091064453
2,lightgbm,D,v2,True,menu_noodles,104014.28955078125
2,lightgbm,D,v2,True,menu_special,0.0
2,lightgbm,D,v2,True,menu_rice_bowl,479709.56884765625
2,lightgbm,D,v2,True,menu_soup,0.0
2,lightgbm,D,v2,True,temp_mean,6511395.198852539
2,lightgbm,D,v2,True,temp_max,5882540.943115234
2,lightgbm,D,v2,True,temp_min,8845636.71508789
2,lightgbm,D,v2,True,humidity,8350641.305786133
2,xgboost,A,v2,True,employees,0.0642407163977623
2,xgboost,A,v2,True,vacation,0.20704883337020874
2,xgboost,A,v2,True,business_trip,0.24040569365024567
2,xgboost,A,v2,True,work_from_home,0.0
2,xgboost,A,v2,True,overtime,0.4883047938346863
2,xgboost,B,v2,True,employees,0.006531278602778912
2,xgboost,B,v2,True,vacation,0.029167545959353447
2,xgboost,B,v2,True,business_trip,0.01326772291213274
2,xgboost,B,v2,True,work_from_home,0.0
2,xgboost,B,v2,True,overtime,0.019694073125720024
2,xgboost,B,v2,True,weekday_0,0.4208012521266937
2,xgboost,B,v2,True,weekday_1,0.00251965643838048
2,xgboost,B,v2,True,weekday_2,0.01633954793214798
2,xgboost,B,v2,True,weekday_3,0.03967232629656792
2,xgboost,B,v2,True,weekday_4,0.4520065486431122
2,xgboost,B,v2,True,weekday_5,0.0
2,xgboost,B,v2,True,weekday_6,0.0
2,xgboost,C,v1,True,employees,0.0058189984411001205
2,xgboost,C,v1,True,vacation,0.024004442617297173
2,xgboost,C,v1,True,business_trip,0.011623184196650982
2,xgboost,C,v1,True,work_from_home,0.0
2,xgboost,C,v1,True,overtime,0.018267331644892693
2,xgboost,C,v1,True,weekday_0,0.41179966926574707
2,xgboost,C,v1,True,weekday_1,0.0021578017622232437
2,xgboost,C,v1,True,weekday_2,0.016455624252557755
2,xgboost,C,v1,True,weekday_3,0.03002682514488697
2,xgboost,C,v1,True,weekday_4,0.46513140201568604
2,xgboost,C,v1,True,weekday_5,0.0
2,xgboost,C,v1,True,weekday_6,0.0
2,xgboost,C,v1,True,menu_meat,0.004827067721635103
2,xgboost,C,v1,True,menu_fish,0.0035515667404979467
2,xgboost,C,v1,True,menu_noodles,0.00120255583897233
2,xgboost,C,v1,True,menu_special,0.0009473006357438862
2,xgboost,C,v1,True,menu_rice_bowl,0.0029213312081992626
2,xgboost,C,v1,True,menu_soup,0.0012648398987948895
2,xgboost,C,v2,True,employees,0.006441084668040276
2,xgboost,C,v2,True,vacation,0.025339869782328606
2,xgboost,C,v2,True,business_trip,0.013423986732959747
2,xgboost,C,v2,True,work_from_home,0.0
2,xgboost,C,v2,True,overtime,0.019378846511244774
2,xgboost,C,v2,True,weekday_0,0.42444032430648804
2,xgboost,C,v2,True,weekday_1,0.0021254122257232666
2,xgboost,C,v2,True,weekday_2,0.010909369215369225
2,xgboost,C,v2,True,weekday_3,0.035300277173519135
2,xgboost,C,v2,True,weekday_4,0.44863855838775635
2,xgboost,C,v2,True,weekday_5,0.0
2,xgboost,C,v2,True,weekday_6,0.0
2,xgboost,C,v2,True,menu_meat,0.002425248734652996
2,xgboost,C,v2,True,menu_fish,0.004503014963120222
2,xgboost,C,v2,True,menu_noodles,0.0017661040183156729
2,xgboost,C,v2,True,menu_special,0.0012448099441826344
2,xgboost,C,v2,True,menu_rice_bowl,0.0026394689921289682
2,xgboost,C,v2,True,menu_soup,0.0014237219002097845
2,xgboost,D,v1,True,employees,0.00575267756357789
2,xgboost,D,v1,True,vacation,0.025443248450756073
2,xgboost,D,v1,True,business_trip,0.011193634010851383
2,xgboost,D,v1,True,work_from_home,0.0
2,xgboost,D,v1,True,overtime,0.01872982829809189
2,xgboost,D,v1,True,weekday_0,0.34301093220710754
2,xgboost,D,v1,True,weekday_1,0.0021176610607653856
2,xgboost,D,v1,True,weekday_2,0.01612135022878647
2,xgboost,D,v1,True,weekday_3,0.027411865070462227
2,xgboost,D,v1,True,weekday_4,0.5245099067687988
2,xgboost,D,v1,True,weekday_5,0.0
2,xgboost,D,v1,True,weekday_6,0.0
2,xgboost,D,v1,True,menu_meat,0.005146976560354233
2,xgboost,D,v1,True,menu_fish,0.002844983944669366
2,xgboost,D,v1,True,menu_noodles,0.0
2,xgboost,D,v1,True,menu_special,0.0006898152641952038
2,xgboost,D,v1,True,menu_rice_bowl,0.002249890472739935
2,xgboost,D,v1,True,menu_soup,0.0
2,xgboost,D,v1,True,temp_mean,0.003592696273699403
2,xgboost,D,v1,True,temp_max,0.004162967205047607
2,xgboost,D,v1,True,temp_min,0.003784715896472335
2,xgboost,D,v1,True,humidity,0.00323685584589839
2,xgboost,D,v2,True,employees,0.005304068326950073
2,xgboost,D,v2,True,vacation,0.025701792910695076
2,xgboost,D,v2,True,business_trip,0.011031171306967735
2,xgboost,D,v2,True,work_from_home,0.0
2,xgboost,D,v2,True,overtime,0.019369427114725113
2,xgboost,D,v2,True,weekday_0,0.3174091875553131
2,xgboost,D,v2,True,weekday_1,0.0016184194246307015
2,xgboost,D,v2,True,weekday_2,0.019312137737870216
2,xgboost,D,v2,True,weekday_3,0.027402441948652267
2,xgboost,D,v2,True,weekday_4,0.5478243231773376
2,xgboost,D,v2,True,weekday_5,0.0
2,xgboost,D,v2,True,weekday_6,0.0
2,xgboost,D,v2,True,menu_meat,0.0029734361451119184
2,xgboost,D,v2,True,menu_fish,0.002915788907557726
2,xgboost,D,v2,True,menu_noodles,0.0
2,xgboost,D,v2,True,menu_special,0.0007255277596414089
2,xgboost,D,v2,True,menu_rice_bowl,0.0028590159490704536
2,xgboost,D,v2,True,menu_soup,0.001014888403005898
2,xgboost,D,v2,True,temp_mean,0.0034517247695475817
2,xgboost,D,v2,True,temp_max,0.004264174960553646
2,xgboost,D,v2,True,temp_min,0.003685025731101632
2,xgboost,D,v2,True,humidity,0.00313727674074471
2,lightgbm,A,v2,False,employees,37527174.90576172
2,lightgbm,A,v2,False,vacation,153096235.47277832
2,lightgbm,A,v2,False,business_trip,179783705.6538086
2,lightgbm,A,v2,False,work_from_home,0.0
2,lightgbm,B,v2,False,employees,23376175.939575195
2,lightgbm,B,v2,False,vacation,69477042.43322754
2,lightgbm,B,v2,False,business_trip,41527159.82763672
2,lightgbm,B,v2,False,work_from_home,0.0
2,lightgbm,B,v2,False,weekday_0,169717288.5576172
2,lightgbm,B,v2,False,weekday_1,780291.7770996094
2,lightgbm,B,v2,False,weekday_2,531760.3432617188
2,lightgbm,B,v2,False,weekday_3,7651563.418823242
2,lightgbm,B,v2,False,weekday_4,72987023.20166016
2,lightgbm,B,v2,False,weekday_5,0.0
2,lightgbm,B,v2,False,weekday_6,0.0
2,lightgbm,C,v1,False,employees,23652058.689086914
2,lightgbm,C,v1,False,vacation,69214130.22912598
2,lightgbm,C,v1,False,business_trip,40791593.90588379
2,lightgbm,C,v1,False,work_from_home,0.0
2,lightgbm,C,v1,False,weekday_0,169716235.90283203
2,lightgbm,C,v1,False,weekday_1,530050.208984375
2,lightgbm,C,v1,False,weekday_2,514045.8249511719
2,lightgbm,C,v1,False,weekday_3,7651342.928344727
2,lightgbm,C,v1,False,weekday_4,73040490.25439453
2,lightgbm,C,v1,False,weekday_5,0.0
2,lightgbm,C,v1,False,weekday_6,0.0
2,lightgbm,C,v1,False,menu_meat,1086518.2336425781
2,lightgbm,C,v1,False,menu_fish,753905.9503173828
2,lightgbm,C,v1,False,menu_noodles,194319.69873046875
2,lightgbm,C,v1,False,menu_special,0.0
2,lightgbm,C,v1,False,menu_rice_bowl,375062.78869628906
2,lightgbm,C,v1,False,menu_soup,0.0
2,lightgbm,C,v2,False,employees,23625607.17163086
2,lightgbm,C,v2,False,vacation,69183153.31054688
2,lightgbm,C,v2,False,business_trip,41758450.49865723
2,lightgbm,C,v2,False,work_from_home,0.0
2,lightgbm,C,v2,False,weekday_0,169485840.93041992
2,lightgbm,C,v2,False,weekday_1,495195.3132324219
2,lightgbm,C,v2,False,weekday_2,570824.9428710938
2,lightgbm,C,v2,False,weekday_3,7789474.817016602
2,lightgbm,C,v2,False,weekday_4,72965576.85070801
2,lightgbm,C,v2,False,weekday_5,0.0
2,lightgbm,C,v2,False,weekday_6,0.0
2,lightgbm,C,v2,False,menu_meat,521826.9631347656
2,lightgbm,C,v2,False,menu_fish,813771.9685058594
2,lightgbm,C,v2,False,menu_noodles,230688.27294921875
2,lightgbm,C,v2,False,menu_special,0.0
2,lightgbm,C,v2,False,menu_rice_bowl,363287.3210449219
2,lightgbm,C,v2,False,menu_soup,0.0
2,lightgbm,D,v1,False,employees,14457194.363769531
2,lightgbm,D,v1,False,vacation,65954057.19165039
2,lightgbm,D,v1,False,business_trip,39643575.54553223
2,lightgbm,D,v1,False,work_from_home,0.0
2,lightgbm,D,v1,False,weekday_0,169601893.4729004
2,lightgbm,D,v1,False,weekday_1,144584.27978515625
2,lightgbm,D,v1,False,weekday_2,159795.9306640625
2,lightgbm,D,v1,False,weekday_3,7855520.043457031
2,lightgbm,D,v1,False,weekday_4,70288051.80126953
2,lightgbm,D,v1,False,weekday_5,0.0
2,lightgbm,D,v1,False,weekday_6,0.0
2,lightgbm,D,v1,False,menu_meat,1011227.7072753906
2,lightgbm,D,v1,False,menu_fish,627370.6574707031
2,lightgbm,D,v1,False,menu_noodles,131943.69018554688
2,lightgbm,D,v1,False,menu_special,0.0
2,lightgbm,D,v1,False,menu_rice_bowl,216217.45751953125
2,lightgbm,D,v1,False,menu_soup,0.0
2,lightgbm,D,v1,False,temp_mean,8152286.117797852
2,lightgbm,D,v1,False,temp_max,6156667.311279297
2,lightgbm,D,v1,False,temp_min,13433601.326049805
2,lightgbm,D,v1,False,humidity,8728186.639526367
2,lightgbm,D,v2,False,employees,14013983.52734375
2,lightgbm,D,v2,False,vacation,66166635.22570801
2,lightgbm,D,v2,False,business_trip,39560426.26818848
2,lightgbm,D,v2,False,work_from_home,0.0
2,lightgbm,D,v2,False,weekday_0,169638808.16796875
2,lightgbm,D,v2,False,weekday_1,208880.68896484375
2,lightgbm,D,v2,False,weekday_2,71888.099609375
2,lightgbm,D,v2,False,weekday_3,7631349.9287109375
2,lightgbm,D,v2,False,weekday_4,70281868.17053223
2,lightgbm,D,v2,False,weekday_5,0.0
2,lightgbm,D,v2,False,weekday_6,0.0
2,lightgbm,D,v2,False,menu_meat,655311.5939941406
2,lightgbm,D,v2,False,menu_fish,642034.4091796875
2,lightgbm,D,v2,False,menu_noodles,131921.99096679688
2,lightgbm,D,v2,False,menu_special,0.0
2,lightgbm,D,v2,False,menu_rice_bowl,189398.41845703125
2,lightgbm,D,v2,False,menu_soup,0.0
2,lightgbm,D,v2,False,temp_mean,8365464.174438477
2,lightgbm,D,v2,False,temp_max,7130488.913452148
2,lightgbm,D,v2,False,temp_min,13396571.963134766
2,lightgbm,D,v2,False,humidity,8779036.677734375
2,xgboost,A,v2,False,employees,0.11059608310461044
2,xgboost,A,v2,False,vacation,0.4228035807609558
2,xgboost,A,v2,False,business_trip,0.4666003882884979
2,xgboost,A,v2,False,work_from_home,0.0
2,xgboost,B,v2,False,employees,0.006615068297833204
2,xgboost,B,v2,False,vacation,0.022199610248208046
2,xgboost,B,v2,False,business_trip,0.010966388508677483
2,xgboost,B,v2,False,work_from_home,0.0
2,xgboost,B,v2,False,weekday_0,0.39728277921676636
2,xgboost,B,v2,False,weekday_1,0.0027926911134272814
2,xgboost,B,v2,False,weekday_2,0.0031680625397711992
2,xgboost,B,v2,False,weekday_3,0.030314264819025993
2,xgboost,B,v2,False,weekday_4,0.5266611576080322
2,xgboost,B,v2,False,weekday_5,0.0
2,xgboost,B,v2,False,weekday_6,0.0
2,xgboost,C,v1,False,employees,0.006004527676850557
2,xgboost,C,v1,False,vacation,0.019897669553756714
2,xgboost,C,v1,False,business_trip,0.010066207498311996
2,xgboost,C,v1,False,work_from_home,0.0
2,xgboost,C,v1,False,weekday_0,0.39241722226142883
2,xgboost,C,v1,False,weekday_1,0.007040813565254211
2,xgboost,C,v1,False,weekday_2,0.0068789697252213955
2,xgboost,C,v1,False,weekday_3,0.03285703808069229
2,xgboost,C,v1,False,weekday_4,0.5117589235305786
2,xgboost,C,v1,False,weekday_5,0.0
2,xgboost,C,v1,False,weekday_6,0.0
2,xgboost,C,v1,False,menu_meat,0.002549431985244155
2,xgboost,C,v1,False,menu_fish,0.0028615975752472878
2,xgboost,C,v1,False,menu_noodles,0.001512420829385519
2,xgboost,C,v1,False,menu_special,0.0010013040155172348
2,xgboost,C,v1,False,menu_rice_bowl,0.003210442839190364
2,xgboost,C,v1,False,menu_soup,0.001943479641340673
2,xgboost,C,v2,False,employees,0.006071573123335838
2,xgboost,C,v2,False,vacation,0.01984618604183197
2,xgboost,C,v2,False,business_trip,0.010199390351772308
2,xgboost,C,v2,False,work_from_home,0.0
2,xgboost,C,v2,False,weekday_0,0.40675070881843567
2,xgboost,C,v2,False,weekday_1,0.001930593978613615
2,xgboost,C,v2,False,weekday_2,0.004014827776700258
2,xgboost,C,v2,False,weekday_3,0.030466027557849884
2,xgboost,C,v2,False,weekday_4,0.507827877998352
2,xgboost,C,v2,False,weekday_5,0.0
2,xgboost,C,v2,False,weekday_6,0.0
2,xgboost,C,v2,False,menu_meat,0.002837942447513342
2,xgboost,C,v2,False,menu_fish,0.0027492432855069637
2,xgboost,C,v2,False,menu_noodles,0.0012553618289530277
2,xgboost,C,v2,False,menu_special,0.0010276729008182883
2,xgboost,C,v2,False,menu_rice_bowl,0.0033701779320836067
2,xgboost,C,v2,False,menu_soup,0.0016523752128705382
2,xgboost,D,v1,False,employees,0.007116151973605156
2,xgboost,D,v1,False,vacation,0.0292678065598011
2,xgboost,D,v1,False,business_trip,0.014325310476124287
2,xgboost,D,v1,False,work_from_home,0.0
2,xgboost,D,v1,False,weekday_0,0.4412699043750763
2,xgboost,D,v1,False,weekday_1,0.003112231846898794
2,xgboost,D,v1,False,weekday_2,0.003559952834621072
2,xgboost,D,v1,False,weekday_3,0.03891751542687416
2,xgboost,D,v1,False,weekday_4,0.43245530128479004
2,xgboost,D,v1,False,weekday_5,0.0
2,xgboost,D,v1,False,weekday_6,0.0
2,xgboost,D,v1,False,menu_meat,0.00298134982585907
2,xgboost,D,v1,False,menu_fish,0.0032218105625361204
2,xgboost,D,v1,False,menu_noodles,0.0014043383998796344
2,xgboost,D,v1,False,menu_special,0.0010638829553499818
2,xgboost,D,v1,False,menu_rice_bowl,0.0029596793465316296
2,xgboost,D,v1,False,menu_soup,0.001819686614908278
2,xgboost,D,v1,False,temp_mean,0.0034765733871608973
2,xgboost,D,v1,False,temp_max,0.004783183336257935
2,xgboost,D,v1,False,temp_min,0.004862893372774124
2,xgboost,D,v1,False,humidity,0.0034025709610432386
2,xgboost,D,v2,False,employees,0.005884677637368441
2,xgboost,D,v2,False,vacation,0.02622399665415287
2,xgboost,D,v2,False,business_trip,0.01270186249166727
2,xgboost,D,v2,False,work_from_home,0.0
2,xgboost,D,v2,False,weekday_0,0.372785747051239
2,xgboost,D,v2,False,weekday_1,0.002187649719417095
2,xgboost,D,v2,False,weekday_2,0.002766281832009554
2,xgboost,D,v2,False,weekday_3,0.03513343259692192
2,xgboost,D,v2,False,weekday_4,0.5160653591156006
2,xgboost,D,v2,False,weekday_5,0.0
2,xgboost,D,v2,False,weekday_6,0.0
2,xgboost,D,v2,False,menu_meat,0.0030287839472293854
2,xgboost,D,v2,False,menu_fish,0.0027664664667099714
2,xgboost,D,v2,False,menu_noodles,0.0012439754791557789
2,xgboost,D,v2,False,menu_special,0.0008646341739222407
2,xgboost,D,v2,False,menu_rice_bowl,0.0022396149579435587
2,xgboost,D,v2,False,menu_soup,0.0014423811808228493
2,xgboost,D,v2,False,temp_mean,0.003074147505685687
2,xgboost,D,v2,False,temp_max,0.004451283253729343
2,xgboost,D,v2,False,temp_min,0.004235217347741127
2,xgboost,D,v2,False,humidity,0.0029045110568404198
3,lightgbm,A,v2,True,employees,30238138.655395508
3,lightgbm,A,v2,True,vacation,136001265.43676758
3,lightgbm,A,v2,True,business_trip,160075056.82678223
3,lightgbm,A,v2,True,work_from_home,0.0
3,lightgbm,A,v2,True,overtime,157276281.7565918
3,lightgbm,B,v2,True,employees,24798485.146728516
3,lightgbm,B,v2,True,vacation,70237107.80285645
3,lightgbm,B,v2,True,business_trip,47137272.16394043
3,lightgbm,B,v2,True,work_from_home,0.0
3,lightgbm,B,v2,True,overtime,35524881.55822754
3,lightgbm,B,v2,True,weekday_0,206147471.72070312
3,lightgbm,B,v2,True,weekday_1,539973.1430664062
3,lightgbm,B,v2,True,weekday_2,113260.54028320312
3,lightgbm,B,v2,True,weekday_3,11506693.153564453
3,lightgbm,B,v2,True,weekday_4,94702017.4116211
3,lightgbm,B,v2,True,weekday_5,0.0
3,lightgbm,B,v2,True,weekday_6,0.0
3,lightgbm,C,v1,True,employees,24121805.594848633
3,lightgbm,C,v1,True,vacation,69829409.86230469
3,lightgbm,C,v1,True,business_trip,47537548.681152344
3,lightgbm,C,v1,True,work_from_home,0.0
3,lightgbm,C,v1,True,overtime,35962452.29174805
3,lightgbm,C,v1,True,weekday_0,206073534.78515625
3,lightgbm,C,v1,True,weekday_1,613743.0854492188
3,lightgbm,C,v1,True,weekday_2,95161.310546875
3,lightgbm,C,v1,True,weekday_3,11511843.224121094
3,lightgbm,C,v1,True,weekday_4,94879452.0357666
3,lightgbm,C,v1,True,weekday_5,0.0
3,lightgbm,C,v1,True,weekday_6,0.0
3,lightgbm,C,v1,True,menu_meat,807116.7802734375
3,lightgbm,C,v1,True,menu_fish,773689.1292724609
3,lightgbm,C,v1,True,menu_noodles,73723.87036132812
3,lightgbm,C,v1,True,menu_special,0.0
3,lightgbm,C,v1,True,menu_rice_bowl,633321.1408691406
3,lightgbm,C,v1,True,menu_soup,0.0
3,lightgbm,C,v2,True,employees,24763751.199951172
3,lightgbm,C,v2,True,vacation,69670190.0961914
3,lightgbm,C,v2,True,business_trip,47303439.21191406
3,lightgbm,C,v2,True,work_from_home,0.0
3,lightgbm,C,v2,True,overtime,35659547.53820801
3,lightgbm,C,v2,True,weekday_0,206104305.8618164
3,lightgbm,C,v2,True,weekday_1,530681.6865234375
3,lightgbm,C,v2,True,weekday_2,125585.1533203125
3,lightgbm,C,v2,True,weekday_3,11521799.134643555
3,lightgbm,C,v2,True,weekday_4,94960398.3959961
3,lightgbm,C,v2,True,weekday_5,0.0
3,lightgbm,C,v2,True,weekday_6,0.0
3,lightgbm,C,v2,True,menu_meat,865132.3627929688
3,lightgbm,C,v2,True,menu_fish,939220.7121582031
3,lightgbm,C,v2,True,menu_noodles,119829.9296875
3,lightgbm,C,v2,True,menu_special,0.0
3,lightgbm,C,v2,True,menu_rice_bowl,726840.1997070312
3,lightgbm,C,v2,True,menu_soup,0.0
3,lightgbm,D,v1,True,employees,17280255.884033203
3,lightgbm,D,v1,True,vacation,66550561.41040039
3,lightgbm,D,v1,True,business_trip,42835704.744262695
3,lightgbm,D,v1,True,work_from_home,0.0
3,lightgbm,D,v1,True,overtime,34936887.00695801
3,lightgbm,D,v1,True,weekday_0,204173403.36865234
3,lightgbm,D,v1,True,weekday_1,644479.16796875
3,lightgbm,D,v1,True,weekday_2,102575.80078125
3,lightgbm,D,v1,True,weekday_3,11117899.524902344
3,lightgbm,D,v1,True,weekday_4,93394781.11022949
3,lightgbm,D,v1,True,weekday_5,0.0
3,lightgbm,D,v1,True,weekday_6,0.0
3,lightgbm,D,v1,True,menu_meat,671794.8881835938
3,lightgbm,D,v1,True,menu_fish,783132.4588623047
3,lightgbm,D,v1,True,menu_noodles,6436.869873046875
3,lightgbm,D,v1,True,menu_special,0.0
3,lightgbm,D,v1,True,menu_rice_bowl,336496.82666015625
3,lightgbm,D,v1,True,menu_soup,0.0
3,lightgbm,D,v1,True,temp_mean,8714853.675170898
3,lightgbm,D,v1,True,temp_max,7552015.324951172
3,lightgbm,D,v1,True,temp_min,11265638.55859375
3,lightgbm,D,v1,True,humidity,7702398.243286133
3,lightgbm,D,v2,True,employees,17794744.24194336
3,lightgbm,D,v2,True,vacation,66705391.009887695
3,lightgbm,D,v2,True,business_trip,42504485.40893555
3,lightgbm,D,v2,True,work_from_home,0.0
3,lightgbm,D,v2,True,overtime,34965797.373535156
3,lightgbm,D,v2,True,weekday_0,204395546.04785156
3,lightgbm,D,v2,True,weekday_1,576214.5842285156
3,lightgbm,D,v2,True,weekday_2,57541.400390625
3,lightgbm,D,v2,True,weekday_3,11153559.680175781
3,lightgbm,D,v2,True,weekday_4,93297958.97998047
3,lightgbm,D,v2,True,weekday_5,0.0
3,lightgbm,D,v2,True,weekday_6,0.0
3,lightgbm,D,v2,True,menu_meat,487017.2043457031
3,lightgbm,D,v2,True,menu_fish,726169.2791748047
3,lightgbm,D,v2,True,menu_noodles,20549.58984375
3,lightgbm,D,v2,True,menu_special,0.0
3,lightgbm,D,v2,True,menu_rice_bowl,423065.27001953125
3,lightgbm,D,v2,True,menu_soup,0.0
3,lightgbm,D,v2,True,temp_mean,8772989.798706055
3,lightgbm,D,v2,True,temp_max,7817081.508300781
3,lightgbm,D,v2,True,temp_min,11540123.064697266
3,lightgbm,D,v2,True,humidity,7707519.199462891
3,xgboost,A,v2,True,employees,0.05691032111644745
3,xgboost,A,v2,True,vacation,0.27204012870788574
3,xgboost,A,v2,True,business_trip,0.3183610439300537
3,xgboost,A,v2,True,work_from_home,0.0
3,xgboost,A,v2,True,overtime,0.3526885211467743
3,xgboost,B,v2,True,employees,0.005784857086837292
3,xgboost,B,v2,True,vacation,0.023197101429104805
3,xgboost,B,v2,True,business_trip,0.01265866681933403
3,xgboost,B,v2,True,work_from_home,0.0
3,xgboost,B,v2,True,overtime,0.012663603760302067
3,xgboost,B,v2,True,weekday_0,0.5894437432289124
3,xgboost,B,v2,True,weekday_1,0.005566985812038183
3,xgboost,B,v2,True,weekday_2,0.006470173597335815
3,xgboost,B,v2,True,weekday_3,0.028804292902350426
3,xgboost,B,v2,True,weekday_4,0.3154105246067047
3,xgboost,B,v2,True,weekday_5,0.0
3,xgboost,B,v2,True,weekday_6,0.0
3,xgboost,C,v1,True,employees,0.004978477023541927
3,xgboost,C,v1,True,vacation,0.01941906102001667
3,xgboost,C,v1,True,business_trip,0.011981170624494553
3,xgboost,C,v1,True,work_from_home,0.0
3,xgboost,C,v1,True,overtime,0.012202611193060875
3,xgboost,C,v1,True,weekday_0,0.5915431380271912
3,xgboost,C,v1,True,weekday_1,0.004779478069394827
3,xgboost,C,v1,True,weekday_2,0.0063751316629350185
3,xgboost,C,v1,True,weekday_3,0.026576228439807892
3,xgboost,C,v1,True,weekday_4,0.3078438937664032
3,xgboost,C,v1,True,weekday_5,0.0
3,xgboost,C,v1,True,weekday_6,0.0
3,xgboost,C,v1,True,menu_meat,0.0031644657719880342
3,xgboost,C,v1,True,menu_fish,0.0028009493835270405
3,xgboost,C,v1,True,menu_noodles,0.0013548111310228705
3,xgboost,C,v1,True,menu_special,0.0019981388468295336
3,xgboost,C,v1,True,menu_rice_bowl,0.0031688325107097626
3,xgboost,C,v1,True,menu_soup,0.0018136369762942195
3,xgboost,C,v2,True,employees,0.0050260708667337894
3,xgboost,C,v2,True,vacation,0.019095413386821747
3,xgboost,C,v2,True,business_trip,0.011642533354461193
3,xgboost,C,v2,True,work_from_home,0.0
3,xgboost,C,v2,True,overtime,0.012474971823394299
3,xgboost,C,v2,True,weekday_0,0.5871182084083557
3,xgboost,C,v2,True,weekday_1,0.004485830664634705
3,xgboost,C,v2,True,weekday_2,0.005046603735536337
3,xgboost,C,v2,True,weekday_3,0.029910212382674217
3,xgboost,C,v2,True,weekday_4,0.3113904297351837
3,xgboost,C,v2,True,weekday_5,0.0
3,xgboost,C,v2,True,weekday_6,0.0
3,xgboost,C,v2,True,menu_meat,0.003266935469582677
3,xgboost,C,v2,True,menu_fish,0.002965060295537114
3,xgboost,C,v2,True,menu_noodles,0.001500539481639862
3,xgboost,C,v2,True,menu_special,0.0018634918378666043
3,xgboost,C,v2,True,menu_rice_bowl,0.002669655019417405
3,xgboost,C,v2,True,menu_soup,0.001544056343846023
3,xgboost,D,v1,True,employees,0.004281063564121723
3,xgboost,D,v1,True,vacation,0.020945411175489426
3,xgboost,D,v1,True,business_trip,0.010463555343449116
3,xgboost,D,v1,True,work_from_home,0.0
3,xgboost,D,v1,True,overtime,0.014219612814486027
3,xgboost,D,v1,True,weekday_0,0.4835941791534424
3,xgboost,D,v1,True,weekday_1,0.0038998830132186413
3,xgboost,D,v1,True,weekday_2,0.008131907321512699
3,xgboost,D,v1,True,weekday_3,0.028607595711946487
3,xgboost,D,v1,True,weekday_4,0.3998582065105438
3,xgboost,D,v1,True,weekday_5,0.0
3,xgboost,D,v1,True,weekday_6,0.0
3,xgboost,D,v1,True,menu_meat,0.0039061002898961306
3,xgboost,D,v1,True,menu_fish,0.002175941364839673
3,xgboost,D,v1,True,menu_noodles,0.0
3,xgboost,D,v1,True,menu_special,0.0012457056436687708
3,xgboost,D,v1,True,menu_rice_bowl,0.0029294961132109165
3,xgboost,D,v1,True,menu_soup,0.0
3,xgboost,D,v1,True,temp_mean,0.004002933856099844
3,xgboost,D,v1,True,temp_max,0.004177230875939131
3,xgboost,D,v1,True,temp_min,0.004269645549356937
3,xgboost,D,v1,True,humidity,0.003291582688689232
3,xgboost,D,v2,True,employees,0.004409876186400652
3,xgboost,D,v2,True,vacation,0.02089613489806652
3,xgboost,D,v2,True,business_trip,0.010455832816660404
3,xgboost,D,v2,True,work_from_home,0.0
3,xgboost,D,v2,True,overtime,0.01429195050150156
3,xgboost,D,v2,True,weekday_0,0.48093467950820923
3,xgboost,D,v2,True,weekday_1,0.004838231950998306
3,xgboost,D,v2,True,weekday_2,0.010855019092559814
3,xgboost,D,v2,True,weekday_3,0.029188428074121475
3,xgboost,D,v2,True,weekday_4,0.39718472957611084
3,xgboost,D,v2,True,weekday_5,0.0
3,xgboost,D,v2,True,weekday_6,0.0
3,xgboost,D,v2,True,menu_meat,0.0034077141899615526
3,xgboost,D,v2,True,menu_fish,0.00292098056524992
3,xgboost,D,v2,True,menu_noodles,0.0
3,xgboost,D,v2,True,menu_special,0.0015079218428581953
3,xgboost,D,v2,True,menu_rice_bowl,0.0030914999078959227
3,xgboost,D,v2,True,menu_soup,0.0
3,xgboost,D,v2,True,temp_mean,0.003983589354902506
3,xgboost,D,v2,True,temp_max,0.004159186501055956
3,xgboost,D,v2,True,temp_min,0.004751129541546106
3,xgboost,D,v2,True,humidity,0.0031232016626745462
3,lightgbm,A,v2,False,employees,49721261.00683594
3,lightgbm,A,v2,False,vacation,186203788.3881836
3,lightgbm,A,v2,False,business_trip,225409395.75073242
3,lightgbm,A,v2,False,work_from_home,0.0
3,lightgbm,B,v2,False,employees,31815142.03515625
3,lightgbm,B,v2,False,vacation,79331258.78686523
3,lightgbm,B,v2,False,business_trip,51823894.97216797
3,lightgbm,B,v2,False,work_from_home,0.0
3,lightgbm,B,v2,False,weekday_0,209622348.71557617
3,lightgbm,B,v2,False,weekday_1,641752.306640625
3,lightgbm,B,v2,False,weekday_2,367199.38671875
3,lightgbm,B,v2,False,weekday_3,10682862.735351562
3,lightgbm,B,v2,False,weekday_4,96868527.2290039
3,lightgbm,B,v2,False,weekday_5,0.0
3,lightgbm,B,v2,False,weekday_6,0.0
3,lightgbm,C,v1,False,employees,31619768.56188965
3,lightgbm,C,v1,False,vacation,79899214.9519043
3,lightgbm,C,v1,False,business_trip,51751210.37866211
3,lightgbm,C,v1,False,work_from_home,0.0
3,lightgbm,C,v1,False,weekday_0,209469545.82958984
3,lightgbm,C,v1,False,weekday_1,676850.4809570312
3,lightgbm,C,v1,False,weekday_2,406943.9919433594
3,lightgbm,C,v1,False,weekday_3,10768411.774902344
3,lightgbm,C,v1,False,weekday_4,96747293.85083008
3,lightgbm,C,v1,False,weekday_5,0.0
3,lightgbm,C,v1,False,weekday_6,0.0
3,lightgbm,C,v1,False,menu_meat,783625.3090820312
3,lightgbm,C,v1,False,menu_fish,758660.7834472656
3,lightgbm,C,v1,False,menu_noodles,166343.69116210938
3,lightgbm,C,v1,False,menu_special,0.0
3,lightgbm,C,v1,False,menu_rice_bowl,356683.7578125
3,lightgbm,C,v1,False,menu_soup,0.0
3,lightgbm,C,v2,False,employees,31261498.64807129
3,lightgbm,C,v2,False,vacation,80111636.0592041
3,lightgbm,C,v2,False,business_trip,52120724.17919922
3,lightgbm,C,v2,False,work_from_home,0.0
3,lightgbm,C,v2,False,weekday_0,209359648.63330078
3,lightgbm,C,v2,False,weekday_1,789271.828125
3,lightgbm,C,v2,False,weekday_2,388096.0986328125
3,lightgbm,C,v2,False,weekday_3,10933975.052246094
3,lightgbm,C,v2,False,weekday_4,96725441.58178711
3,lightgbm,C,v2,False,weekday_5,0.0
3,lightgbm,C,v2,False,weekday_6,0.0
3,lightgbm,C,v2,False,menu_meat,967371.3291015625
3,lightgbm,C,v2,False,menu_fish,762992.56640625
3,lightgbm,C,v2,False,menu_noodles,193832.69995117188
3,lightgbm,C,v2,False,menu_special,0.0
3,lightgbm,C,v2,False,menu_rice_bowl,466373.0017089844
3,lightgbm,C,v2,False,menu_soup,0.0
3,lightgbm,D,v1,False,employees,19274706.68408203
3,lightgbm,D,v1,False,vacation,73265466.1463623
3,lightgbm,D,v1,False,business_trip,50963888.56347656
3,lightgbm,D,v1,False,work_from_home,0.0
3,lightgbm,D,v1,False,weekday_0,207032606.16992188
3,lightgbm,D,v1,False,weekday_1,362010.4287109375
3,lightgbm,D,v1,False,weekday_2,377018.5830078125
3,lightgbm,D,v1,False,weekday_3,10412355.294067383
3,lightgbm,D,v1,False,weekday_4,96593282.97033691
3,lightgbm,D,v1,False,weekday_5,0.0
3,lightgbm,D,v1,False,weekday_6,0.0
3,lightgbm,D,v1,False,menu_meat,832245.1303710938
3,lightgbm,D,v1,False,menu_fish,547862.8012695312
3,lightgbm,D,v1,False,menu_noodles,18274.870361328125
3,lightgbm,D,v1,False,menu_special,0.0
3,lightgbm,D,v1,False,menu_rice_bowl,254246.6494140625
3,lightgbm,D,v1,False,menu_soup,0.0
3,lightgbm,D,v1,False,temp_mean,8434023.145385742
3,lightgbm,D,v1,False,temp_max,10987050.42602539
3,lightgbm,D,v1,False,temp_min,14418342.49621582
3,lightgbm,D,v1,False,humidity,9912578.244140625
3,lightgbm,D,v2,False,employees,19223221.839111328
3,lightgbm,D,v2,False,vacation,74465361.85253906
3,lightgbm,D,v2,False,business_trip,51273017.822753906
3,lightgbm,D,v2,False,work_from_home,0.0
3,lightgbm,D,v2,False,weekday_0,206564533.8095703
3,lightgbm,D,v2,False,weekday_1,261276.2021484375
3,lightgbm,D,v2,False,weekday_2,225424.318359375
3,lightgbm,D,v2,False,weekday_3,10570609.935546875
3,lightgbm,D,v2,False,weekday_4,96646063.97961426
3,lightgbm,D,v2,False,weekday_5,0.0
3,lightgbm,D,v2,False,weekday_6,0.0
3,lightgbm,D,v2,False,menu_meat,1161385.52734375
3,lightgbm,D,v2,False,menu_fish,509790.2795410156
3,lightgbm,D,v2,False,menu_noodles,45383.849853515625
3,lightgbm,D,v2,False,menu_special,0.0
3,lightgbm,D,v2,False,menu_rice_bowl,316723.4694824219
3,lightgbm,D,v2,False,menu_soup,0.0
3,lightgbm,D,v2,False,temp_mean,8248347.032958984
3,lightgbm,D,v2,False,temp_max,11136876.525756836
3,lightgbm,D,v2,False,temp_min,14040363.650878906
3,lightgbm,D,v2,False,humidity,9797301.095458984
3,xgboost,A,v2,False,employees,0.10167980194091797
3,xgboost,A,v2,False,vacation,0.3822912573814392
3,xgboost,A,v2,False,business_trip,0.5160289406776428
3,xgboost,A,v2,False,work_from_home,0.0
3,xgboost,B,v2,False,employees,0.006187469232827425
3,xgboost,B,v2,False,vacation,0.021742645651102066
3,xgboost,B,v2,False,business_trip,0.011649701744318008
3,xgboost,B,v2,False,work_from_home,0.0
3,xgboost,B,v2,False,weekday_0,0.5348230600357056
3,xgboost,B,v2,False,weekday_1,0.010933863930404186
3,xgboost,B,v2,False,weekday_2,0.002839304506778717
3,xgboost,B,v2,False,weekday_3,0.0398920476436615
3,xgboost,B,v2,False,weekday_4,0.37193191051483154
3,xgboost,B,v2,False,weekday_5,0.0
3,xgboost,B,v2,False,weekday_6,0.0
3,xgboost,C,v1,False,employees,0.006623671855777502
3,xgboost,C,v1,False,vacation,0.022326670587062836
3,xgboost,C,v1,False,business_trip,0.012463557533919811
3,xgboost,C,v1,False,work_from_home,0.0
3,xgboost,C,v1,False,weekday_0,0.5107547044754028
3,xgboost,C,v1,False,weekday_1,0.00810929760336876
3,xgboost,C,v1,False,weekday_2,0.002696037758141756
3,xgboost,C,v1,False,weekday_3,0.04028910771012306
3,xgboost,C,v1,False,weekday_4,0.38324999809265137
3,xgboost,C,v1,False,weekday_5,0.0
3,xgboost,C,v1,False,weekday_6,0.0
3,xgboost,C,v1,False,menu_meat,0.003591317217797041
3,xgboost,C,v1,False,menu_fish,0.0026389092672616243
3,xgboost,C,v1,False,menu_noodles,0.0
3,xgboost,C,v1,False,menu_special,0.0025484601501375437
3,xgboost,C,v1,False,menu_rice_bowl,0.002504467498511076
3,xgboost,C,v1,False,menu_soup,0.0022037485614418983
3,xgboost,C,v2,False,employees,0.005348553881049156
3,xgboost,C,v2,False,vacation,0.019212573766708374
3,xgboost,C,v2,False,business_trip,0.011386486701667309
3,xgboost,C,v2,False,work_from_home,0.0
3,xgboost,C,v2,False,weekday_0,0.463533878326416
3,xgboost,C,v2,False,weekday_1,0.00823376327753067
3,xgboost,C,v2,False,weekday_2,0.0021820226684212685
3,xgboost,C,v2,False,weekday_3,0.0338558554649353
3,xgboost,C,v2,False,weekday_4,0.44447827339172363
3,xgboost,C,v2,False,weekday_5,0.0
3,xgboost,C,v2,False,weekday_6,0.0
3,xgboost,C,v2,False,menu_meat,0.0033051264472305775
3,xgboost,C,v2,False,menu_fish,0.0024111277889460325
3,xgboost,C,v2,False,menu_noodles,0.0
3,xgboost,C,v2,False,menu_special,0.0021195849403738976
3,xgboost,C,v2,False,menu_rice_bowl,0.0017004860565066338
3,xgboost,C,v2,False,menu_soup,0.0022323064040392637
3,xgboost,D,v1,False,employees,0.005676669999957085
3,xgboost,D,v1,False,vacation,0.024642061442136765
3,xgboost,D,v1,False,business_trip,0.01299742516130209
3,xgboost,D,v1,False,work_from_home,0.0
3,xgboost,D,v1,False,weekday_0,0.4896262586116791
3,xgboost,D,v1,False,weekday_1,0.013741281814873219
3,xgboost,D,v1,False,weekday_2,0.005007253494113684
3,xgboost,D,v1,False,weekday_3,0.0450732447206974
3,xgboost,D,v1,False,weekday_4,0.3747463524341583
3,xgboost,D,v1,False,weekday_5,0.0
3,xgboost,D,v1,False,weekday_6,0.0
3,xgboost,D,v1,False,menu_meat,0.0033435870427638292
3,xgboost,D,v1,False,menu_fish,0.0029249563813209534
3,xgboost,D,v1,False,menu_noodles,0.0
3,xgboost,D,v1,False,menu_special,0.002022136002779007
3,xgboost,D,v1,False,menu_rice_bowl,0.0016189139569178224
3,xgboost,D,v1,False,menu_soup,0.0
3,xgboost,D,v1,False,temp_mean,0.004331616684794426
3,xgboost,D,v1,False,temp_max,0.005246156360954046
3,xgboost,D,v1,False,temp_min,0.005026431288570166
3,xgboost,D,v1,False,humidity,0.003975628409534693
3,xgboost,D,v2,False,employees,0.005684457719326019
3,xgboost,D,v2,False,vacation,0.023687254637479782
3,xgboost,D,v2,False,business_trip,0.012820894829928875
3,xgboost,D,v2,False,work_from_home,0.0
3,xgboost,D,v2,False,weekday_0,0.46439677476882935
3,xgboost,D,v2,False,weekday_1,0.011435123160481453
3,xgboost,D,v2,False,weekday_2,0.003675616579130292
3,xgboost,D,v2,False,weekday_3,0.04233558475971222
3,xgboost,D,v2,False,weekday_4,0.40745264291763306
3,xgboost,D,v2,False,weekday_5,0.0
3,xgboost,D,v2,False,weekday_6,0.0
3,xgboost,D,v2,False,menu_meat,0.0027168120723217726
3,xgboost,D,v2,False,menu_fish,0.00248279282823205
3,xgboost,D,v2,False,menu_noodles,0.0
3,xgboost,D,v2,False,menu_special,0.0016714114462956786
3,xgboost,D,v2,False,menu_rice_bowl,0.001371885766275227
3,xgboost,D,v2,False,menu_soup,0.0018599695758894086
3,xgboost,D,v2,False,temp_mean,0.004316065926104784
3,xgboost,D,v2,False,temp_max,0.004899725783616304
3,xgboost,D,v2,False,temp_min,0.005441419780254364
3,xgboost,D,v2,False,humidity,0.0037515272852033377
4,lightgbm,A,v2,True,employees,42690442.236572266
4,lightgbm,A,v2,True,vacation,166974311.79333496
4,lightgbm,A,v2,True,business_trip,182413043.71777344
4,lightgbm,A,v2,True,work_from_home,4927366.939697266
4,lightgbm,A,v2,True,overtime,171946666.2796631
4,lightgbm,B,v2,True,employees,27219044.509887695
4,lightgbm,B,v2,True,vacation,98383336.42944336
4,lightgbm,B,v2,True,business_trip,59380087.15112305
4,lightgbm,B,v2,True,work_from_home,1169062.8010253906
4,lightgbm,B,v2,True,overtime,39745531.755737305
4,lightgbm,B,v2,True,weekday_0,236040284.78125
4,lightgbm,B,v2,True,weekday_1,1012002.9028320312
4,lightgbm,B,v2,True,weekday_2,2028476.300415039
4,lightgbm,B,v2,True,weekday_3,10839152.01171875
4,lightgbm,B,v2,True,weekday_4,105055391.63842773
4,lightgbm,B,v2,True,weekday_5,0.0
4,lightgbm,B,v2,True,weekday_6,0.0
4,lightgbm,C,v1,True,employees,27766567.063354492
4,lightgbm,C,v1,True,vacation,98896890.74420166
4,lightgbm,C,v1,True,business_trip,59042509.35546875
4,lightgbm,C,v1,True,work_from_home,1225719.3251953125
4,lightgbm,C,v1,True,overtime,39651078.16217041
4,lightgbm,C,v1,True,weekday_0,236268388.98706055
4,lightgbm,C,v1,True,weekday_1,756521.4916992188
4,lightgbm,C,v1,True,weekday_2,1809497.9001464844
4,lightgbm,C,v1,True,weekday_3,10955418.59765625
4,lightgbm,C,v1,True,weekday_4,104858542.11132812
4,lightgbm,C,v1,True,weekday_5,0.0
4,lightgbm,C,v1,True,weekday_6,0.0
4,lightgbm,C,v1,True,menu_meat,1766496.4116210938
4,lightgbm,C,v1,True,menu_fish,678831.4260253906
4,lightgbm,C,v1,True,menu_noodles,17069.68017578125
4,lightgbm,C,v1,True,menu_special,0.0
4,lightgbm,C,v1,True,menu_rice_bowl,534800.1923828125
4,lightgbm,C,v1,True,menu_soup,45195.42980957031
4,lightgbm,C,v2,True,employees,26805573.938964844
4,lightgbm,C,v2,True,vacation,99196812.97705078
4,lightgbm,C,v2,True,business_trip,58945150.48828125
4,lightgbm,C,v2,True,work_from_home,1297459.7099609375
4,lightgbm,C,v2,True,overtime,40118033.900390625
4,lightgbm,C,v2,True,weekday_0,236422727.3043213
4,lightgbm,C,v2,True,weekday_1,792061.900390625
4,lightgbm,C,v2,True,weekday_2,1585542.0909423828
4,lightgbm,C,v2,True,weekday_3,10729989.43383789
4,lightgbm,C,v2,True,weekday_4,105053973.8425293
4,lightgbm,C,v2,True,weekday_5,0.0
4,lightgbm,C,v2,True,weekday_6,0.0
4,lightgbm,C,v2,True,menu_meat,1213892.5050048828
4,lightgbm,C,v2,True,menu_fish,782132.5190429688
4,lightgbm,C,v2,True,menu_noodles,26861.55029296875
4,lightgbm,C,v2,True,menu_special,0.0
4,lightgbm,C,v2,True,menu_rice_bowl,676782.6193847656
4,lightgbm,C,v2,True,menu_soup,0.0
4,lightgbm,D,v1,True,employees,19209528.227539062
4,lightgbm,D,v1,True,vacation,98321744.09863281
4,lightgbm,D,v1,True,business_trip,57796143.15600586
4,lightgbm,D,v1,True,work_from_home,1509702.7492675781
4,lightgbm,D,v1,True,overtime,34032163.400390625
4,lightgbm,D,v1,True,weekday_0,234699766.94189453
4,lightgbm,D,v1,True,weekday_1,397797.95166015625
4,lightgbm,D,v1,True,weekday_2,1704278.2817382812
4,lightgbm,D,v1,True,weekday_3,10609382.854492188
4,lightgbm,D,v1,True,weekday_4,100351964.52941895
4,lightgbm,D,v1,True,weekday_5,0.0
4,lightgbm,D,v1,True,weekday_6,0.0
4,lightgbm,D,v1,True,menu_meat,1181089.181640625
4,lightgbm,D,v1,True,menu_fish,543877.84765625
4,lightgbm,D,v1,True,menu_noodles,10856.0
4,lightgbm,D,v1,True,menu_special,0.0
4,lightgbm,D,v1,True,menu_rice_bowl,418838.4172363281
4,lightgbm,D,v1,True,menu_soup,0.0
4,lightgbm,D,v1,True,temp_mean,7796332.697875977
4,lightgbm,D,v1,True,temp_max,11286749.986450195
4,lightgbm,D,v1,True,temp_min,13854983.190063477
4,lightgbm,D,v1,True,humidity,6637255.221435547
4,lightgbm,D,v2,True,employees,19570259.74597168
4,lightgbm,D,v2,True,vacation,98732212.90576172
4,lightgbm,D,v2,True,business_trip,57812028.557006836
4,lightgbm,D,v2,True,work_from_home,1515178.941040039
4,lightgbm,D,v2,True,overtime,33877594.73413086
4,lightgbm,D,v2,True,weekday_0,235020184.95947266
4,lightgbm,D,v2,True,weekday_1,387023.2421875
4,lightgbm,D,v2,True,weekday_2,1503921.3491210938
4,lightgbm,D,v2,True,weekday_3,10536928.794921875
4,lightgbm,D,v2,True,weekday_4,100283337.86071777
4,lightgbm,D,v2,True,weekday_5,0.0
4,lightgbm,D,v2,True,weekday_6,0.0
4,lightgbm,D,v2,True,menu_meat,941331.2145996094
4,lightgbm,D,v2,True,menu_fish,513011.41162109375
4,lightgbm,D,v2,True,menu_noodles,0.0
4,lightgbm,D,v2,True,menu_special,0.0
4,lightgbm,D,v2,True,menu_rice_bowl,499978.4992675781
4,lightgbm,D,v2,True,menu_soup,0.0
4,lightgbm,D,v2,True,temp_mean,7683540.818359375
4,lightgbm,D,v2,True,temp_max,11630593.078613281
4,lightgbm,D,v2,True,temp_min,13633434.679321289
4,lightgbm,D,v2,True,humidity,6925782.126098633
4,xgboost,A,v2,True,employees,0.0569123849272728
4,xgboost,A,v2,True,vacation,0.2529860734939575
4,xgboost,A,v2,True,business_trip,0.27956607937812805
4,xgboost,A,v2,True,work_from_home,0.08089176565408707
4,xgboost,A,v2,True,overtime,0.32964369654655457
4,xgboost,B,v2,True,employees,0.004391522146761417
4,xgboost,B,v2,True,vacation,0.020847974345088005
4,xgboost,B,v2,True,business_trip,0.011945744045078754
4,xgboost,B,v2,True,work_from_home,0.0028613256290555
4,xgboost,B,v2,True,overtime,0.008448095060884953
4,xgboost,B,v2,True,weekday_0,0.49732106924057007
4,xgboost,B,v2,True,weekday_1,0.001783674000762403
4,xgboost,B,v2,True,weekday_2,0.009105784818530083
4,xgboost,B,v2,True,weekday_3,0.0189156886190176
4,xgboost,B,v2,True,weekday_4,0.4243791997432709
4,xgboost,B,v2,True,weekday_5,0.0
4,xgboost,B,v2,True,weekday_6,0.0
4,xgboost,C,v1,True,employees,0.004229438491165638
4,xgboost,C,v1,True,vacation,0.019162220880389214
4,xgboost,C,v1,True,business_trip,0.012511552311480045
4,xgboost,C,v1,True,work_from_home,0.002379109151661396
4,xgboost,C,v1,True,overtime,0.008245658129453659
4,xgboost,C,v1,True,weekday_0,0.5050249695777893
4,xgboost,C,v1,True,weekday_1,0.0025718132965266705
4,xgboost,C,v1,True,weekday_2,0.010935837402939796
4,xgboost,C,v1,True,weekday_3,0.020907480269670486
4,xgboost,C,v1,True,weekday_4,0.40152814984321594
4,xgboost,C,v1,True,weekday_5,0.0
4,xgboost,C,v1,True,weekday_6,0.0
4,xgboost,C,v1,True,menu_meat,0.004737230949103832
4,xgboost,C,v1,True,menu_fish,0.0026488180737942457
4,xgboost,C,v1,True,menu_noodles,0.00047308849752880633
4,xgboost,C,v1,True,menu_special,0.0012300640810281038
4,xgboost,C,v1,True,menu_rice_bowl,0.0020451967138797045
4,xgboost,C,v1,True,menu_soup,0.0013694203225895762
4,xgboost,C,v2,True,employees,0.0044339303858578205
4,xgboost,C,v2,True,vacation,0.020563218742609024
4,xgboost,C,v2,True,business_trip,0.013424043543636799
4,xgboost,C,v2,True,work_from_home,0.0025944046210497618
4,xgboost,C,v2,True,overtime,0.00916571170091629
4,xgboost,C,v2,True,weekday_0,0.4757404625415802
4,xgboost,C,v2,True,weekday_1,0.001719580264762044
4,xgboost,C,v2,True,weekday_2,0.012755288742482662
4,xgboost,C,v2,True,weekday_3,0.021477000787854195
4,xgboost,C,v2,True,weekday_4,0.42773595452308655
4,xgboost,C,v2,True,weekday_5,0.0
4,xgboost,C,v2,True,weekday_6,0.0
4,xgboost,C,v2,True,menu_meat,0.0029105085413903
4,xgboost,C,v2,True,menu_fish,0.002953804098069668
4,xgboost,C,v2,True,menu_noodles,0.0004221545241307467
4,xgboost,C,v2,True,menu_special,0.0013544809771701694
4,xgboost,C,v2,True,menu_rice_bowl,0.0019420135067775846
4,xgboost,C,v2,True,menu_soup,0.0008074582437984645
4,xgboost,D,v1,True,employees,0.0042198700830340385
4,xgboost,D,v1,True,vacation,0.02453676238656044
4,xgboost,D,v1,True,business_trip,0.01404685527086258
4,xgboost,D,v1,True,work_from_home,0.0028430160600692034
4,xgboost,D,v1,True,overtime,0.011372724547982216
4,xgboost,D,v1,True,weekday_0,0.47596827149391174
4,xgboost,D,v1,True,weekday_1,0.0022942177020013332
4,xgboost,D,v1,True,weekday_2,0.012634179554879665
4,xgboost,D,v1,True,weekday_3,0.025774376466870308
4,xgboost,D,v1,True,weekday_4,0.3998216986656189
4,xgboost,D,v1,True,weekday_5,0.0
4,xgboost,D,v1,True,weekday_6,0.0
4,xgboost,D,v1,True,menu_meat,0.004298691172152758
4,xgboost,D,v1,True,menu_fish,0.0027788393199443817
4,xgboost,D,v1,True,menu_noodles,0.0012621277710422873
4,xgboost,D,v1,True,menu_special,0.00113310432061553
4,xgboost,D,v1,True,menu_rice_bowl,0.002008803654462099
4,xgboost,D,v1,True,menu_soup,0.0009917333954945207
4,xgboost,D,v1,True,temp_mean,0.004031498916447163
4,xgboost,D,v1,True,temp_max,0.0038035784382373095
4,xgboost,D,v1,True,temp_min,0.003859132993966341
4,xgboost,D,v1,True,humidity,0.0023204172030091286
4,xgboost,D,v2,True,employees,0.004858238156884909
4,xgboost,D,v2,True,vacation,0.025734001770615578
4,xgboost,D,v2,True,business_trip,0.014513996429741383
4,xgboost,D,v2,True,work_from_home,0.0028275158256292343
4,xgboost,D,v2,True,overtime,0.012119356542825699
4,xgboost,D,v2,True,weekday_0,0.48933103680610657
4,xgboost,D,v2,True,weekday_1,0.0021206096280366182
4,xgboost,D,v2,True,weekday_2,0.01156926341354847
4,xgboost,D,v2,True,weekday_3,0.024580009281635284
4,xgboost,D,v2,True,weekday_4,0.38734501600265503
4,xgboost,D,v2,True,weekday_5,0.0
4,xgboost,D,v2,True,weekday_6,0.0
4,xgboost,D,v2,True,menu_meat,0.0034373155795037746
4,xgboost,D,v2,True,menu_fish,0.002757197478786111
4,xgboost,D,v2,True,menu_noodles,0.0011800748761743307
4,xgboost,D,v2,True,menu_special,0.0011201539309695363
4,xgboost,D,v2,True,menu_rice_bowl,0.002060679020360112
4,xgboost,D,v2,True,menu_soup,0.0
4,xgboost,D,v2,True,temp_mean,0.0040894062258303165
4,xgboost,D,v2,True,temp_max,0.0037995667662471533
4,xgboost,D,v2,True,temp_min,0.004390128422528505
4,xgboost,D,v2,True,humidity,0.0021663852967321873
4,lightgbm,A,v2,False,employees,59670471.53381348
4,lightgbm,A,v2,False,vacation,221772375.3466797
4,lightgbm,A,v2,False,business_trip,255917021.18066406
4,lightgbm,A,v2,False,work_from_home,5842771.959716797
4,lightgbm,B,v2,False,employees,35510733.8449707
4,lightgbm,B,v2,False,vacation,112418857.82141113
4,lightgbm,B,v2,False,business_trip,64290137.529418945
4,lightgbm,B,v2,False,work_from_home,1121939.2114257812
4,lightgbm,B,v2,False,weekday_0,240462274.04467773
4,lightgbm,B,v2,False,weekday_1,1132080.7700195312
4,lightgbm,B,v2,False,weekday_2,159616.73095703125
4,lightgbm,B,v2,False,weekday_3,9754230.479248047
4,lightgbm,B,v2,False,weekday_4,105702125.8984375
4,lightgbm,B,v2,False,weekday_5,0.0
4,lightgbm,B,v2,False,weekday_6,0.0
4,lightgbm,C,v1,False,employees,35884510.2512207
4,lightgbm,C,v1,False,vacation,112989344.22680664
4,lightgbm,C,v1,False,business_trip,64077251.62927246
4,lightgbm,C,v1,False,work_from_home,740088.0949707031
4,lightgbm,C,v1,False,weekday_0,240728617.37890625
4,lightgbm,C,v1,False,weekday_1,1070731.4990234375
4,lightgbm,C,v1,False,weekday_2,135673.79931640625
4,lightgbm,C,v1,False,weekday_3,9893670.417480469
4,lightgbm,C,v1,False,weekday_4,105485256.55834961
4,lightgbm,C,v1,False,weekday_5,0.0
4,lightgbm,C,v1,False,weekday_6,0.0
4,lightgbm,C,v1,False,menu_meat,1815074.2055664062
4,lightgbm,C,v1,False,menu_fish,632504.6475830078
4,lightgbm,C,v1,False,menu_noodles,162665.48889160156
4,lightgbm,C,v1,False,menu_special,0.0
4,lightgbm,C,v1,False,menu_rice_bowl,410999.2717285156
4,lightgbm,C,v1,False,menu_soup,44750.23010253906
4,lightgbm,C,v2,False,employees,35649086.033691406
4,lightgbm,C,v2,False,vacation,112599543.29077148
4,lightgbm,C,v2,False,business_trip,64941992.37243652
4,lightgbm,C,v2,False,work_from_home,807245.5092773438
4,lightgbm,C,v2,False,weekday_0,239837194.79003906
4,lightgbm,C,v2,False,weekday_1,1004198.3032226562
4,lightgbm,C,v2,False,weekday_2,242817.67993164062
4,lightgbm,C,v2,False,weekday_3,9919478.390136719
4,lightgbm,C,v2,False,weekday_4,105599652.6796875
4,lightgbm,C,v2,False,weekday_5,0.0
4,lightgbm,C,v2,False,weekday_6,0.0
4,lightgbm,C,v2,False,menu_meat,1194859.3410644531
4,lightgbm,C,v2,False,menu_fish,669394.4006347656
4,lightgbm,C,v2,False,menu_noodles,137466.7208251953
4,lightgbm,C,v2,False,menu_special,0.0
4,lightgbm,C,v2,False,menu_rice_bowl,490679.01611328125
4,lightgbm,C,v2,False,menu_soup,30670.740234375
4,lightgbm,D,v1,False,employees,21825684.491333008
4,lightgbm,D,v1,False,vacation,110469389.86779785
4,lightgbm,D,v1,False,business_trip,63807653.14941406
4,lightgbm,D,v1,False,work_from_home,1499969.3442382812
4,lightgbm,D,v1,False,weekday_0,237279010.5883789
4,lightgbm,D,v1,False,weekday_1,318288.06787109375
4,lightgbm,D,v1,False,weekday_2,242395.720703125
4,lightgbm,D,v1,False,weekday_3,9302651.909667969
4,lightgbm,D,v1,False,weekday_4,101555651.41015625
4,lightgbm,D,v1,False,weekday_5,0.0
4,lightgbm,D,v1,False,weekday_6,0.0
4,lightgbm,D,v1,False,menu_meat,1034600.5883789062
4,lightgbm,D,v1,False,menu_fish,716248.6740722656
4,lightgbm,D,v1,False,menu_noodles,37077.5
4,lightgbm,D,v1,False,menu_special,0.0
4,lightgbm,D,v1,False,menu_rice_bowl,301645.2990722656
4,lightgbm,D,v1,False,menu_soup,0.0
4,lightgbm,D,v1,False,temp_mean,9555136.901000977
4,lightgbm,D,v1,False,temp_max,12454698.322021484
4,lightgbm,D,v1,False,temp_min,16970940.708984375
4,lightgbm,D,v1,False,humidity,9284970.41015625
4,lightgbm,D,v2,False,employees,22139641.451782227
4,lightgbm,D,v2,False,vacation,110626327.9967041
4,lightgbm,D,v2,False,business_trip,64460907.60595703
4,lightgbm,D,v2,False,work_from_home,1382845.771484375
4,lightgbm,D,v2,False,weekday_0,236825693.68701172
4,lightgbm,D,v2,False,weekday_1,290278.55712890625
4,lightgbm,D,v2,False,weekday_2,279158.18310546875
4,lightgbm,D,v2,False,weekday_3,9061252.076171875
4,lightgbm,D,v2,False,weekday_4,101640023.42285156
4,lightgbm,D,v2,False,weekday_5,0.0
4,lightgbm,D,v2,False,weekday_6,0.0
4,lightgbm,D,v2,False,menu_meat,1084715.2075195312
4,lightgbm,D,v2,False,menu_fish,581768.7150878906
4,lightgbm,D,v2,False,menu_noodles,12207.06005859375
4,lightgbm,D,v2,False,menu_special,0.0
4,lightgbm,D,v2,False,menu_rice_bowl,371150.9931640625
4,lightgbm,D,v2,False,menu_soup,0.0
4,lightgbm,D,v2,False,temp_mean,10201175.600830078
4,lightgbm,D,v2,False,temp_max,12280538.196166992
4,lightgbm,D,v2,False,temp_min,16803384.39123535
4,lightgbm,D,v2,False,humidity,9631177.423706055
4,xgboost,A,v2,False,employees,0.0879741981625557
4,xgboost,A,v2,False,vacation,0.360706627368927
4,xgboost,A,v2,False,business_trip,0.44609689712524414
4,xgboost,A,v2,False,work_from_home,0.10522228479385376
4,xgboost,B,v2,False,employees,0.006464330945163965
4,xgboost,B,v2,False,vacation,0.027950724586844444
4,xgboost,B,v2,False,business_trip,0.014778103679418564
4,xgboost,B,v2,False,work_from_home,0.0030538211576640606
4,xgboost,B,v2,False,weekday_0,0.49703577160835266
4,xgboost,B,v2,False,weekday_1,0.007548665162175894
4,xgboost,B,v2,False,weekday_2,0.003832317888736725
4,xgboost,B,v2,False,weekday_3,0.034505292773246765
4,xgboost,B,v2,False,weekday_4,0.4048309326171875
4,xgboost,B,v2,False,weekday_5,0.0
4,xgboost,B,v2,False,weekday_6,0.0
4,xgboost,C,v1,False,employees,0.005940978415310383
4,xgboost,C,v1,False,vacation,0.024851182475686073
4,xgboost,C,v1,False,business_trip,0.01457273866981268
4,xgboost,C,v1,False,work_from_home,0.003453285666182637
4,xgboost,C,v1,False,weekday_0,0.4736678898334503
4,xgboost,C,v1,False,weekday_1,0.005827478598803282
4,xgboost,C,v1,False,weekday_2,0.007948800921440125
4,xgboost,C,v1,False,weekday_3,0.03398715332150459
4,xgboost,C,v1,False,weekday_4,0.41327545046806335
4,xgboost,C,v1,False,weekday_5,0.0
4,xgboost,C,v1,False,weekday_6,0.0
4,xgboost,C,v1,False,menu_meat,0.004715402144938707
4,xgboost,C,v1,False,menu_fish,0.0035830435808748007
4,xgboost,C,v1,False,menu_noodles,0.0013638874515891075
4,xgboost,C,v1,False,menu_special,0.00253311893902719
4,xgboost,C,v1,False,menu_rice_bowl,0.0024726020637899637
4,xgboost,C,v1,False,menu_soup,0.0018069313373416662
4,xgboost,C,v2,False,employees,0.006020916625857353
4,xgboost,C,v2,False,vacation,0.024706196039915085
4,xgboost,C,v2,False,business_trip,0.014178215526044369
4,xgboost,C,v2,False,work_from_home,0.0036379708908498287
4,xgboost,C,v2,False,weekday_0,0.5306074619293213
4,xgboost,C,v2,False,weekday_1,0.006894572637975216
4,xgboost,C,v2,False,weekday_2,0.004584792070090771
4,xgboost,C,v2,False,weekday_3,0.030358226969838142
4,xgboost,C,v2,False,weekday_4,0.3631756603717804
4,xgboost,C,v2,False,weekday_5,0.0
4,xgboost,C,v2,False,weekday_6,0.0
4,xgboost,C,v2,False,menu_meat,0.0038328280206769705
4,xgboost,C,v2,False,menu_fish,0.003125624731183052
4,xgboost,C,v2,False,menu_noodles,0.0023506430443376303
4,xgboost,C,v2,False,menu_special,0.0027366839349269867
4,xgboost,C,v2,False,menu_rice_bowl,0.0018475004471838474
4,xgboost,C,v2,False,menu_soup,0.0019426591461524367
4,xgboost,D,v1,False,employees,0.004964697174727917
4,xgboost,D,v1,False,vacation,0.02455693669617176
4,xgboost,D,v1,False,business_trip,0.012848562560975552
4,xgboost,D,v1,False,work_from_home,0.002686193212866783
4,xgboost,D,v1,False,weekday_0,0.44181010127067566
4,xgboost,D,v1,False,weekday_1,0.004358350764960051
4,xgboost,D,v1,False,weekday_2,0.004601633176207542
4,xgboost,D,v1,False,weekday_3,0.03010372817516327
4,xgboost,D,v1,False,weekday_4,0.4469393491744995
4,xgboost,D,v1,False,weekday_5,0.0
4,xgboost,D,v1,False,weekday_6,0.0
4,xgboost,D,v1,False,menu_meat,0.0035511404275894165
4,xgboost,D,v1,False,menu_fish,0.002711015986278653
4,xgboost,D,v1,False,menu_noodles,0.0011986792087554932
4,xgboost,D,v1,False,menu_special,0.001448608934879303
4,xgboost,D,v1,False,menu_rice_bowl,0.0017603368032723665
4,xgboost,D,v1,False,menu_soup,0.0007108511053957045
4,xgboost,D,v1,False,temp_mean,0.003970936872065067
4,xgboost,D,v1,False,temp_max,0.004074134398251772
4,xgboost,D,v1,False,temp_min,0.004758709575980902
4,xgboost,D,v1,False,humidity,0.0029461041558533907
4,xgboost,D,v2,False,employees,0.004849559627473354
4,xgboost,D,v2,False,vacation,0.02504328452050686
4,xgboost,D,v2,False,business_trip,0.013307587243616581
4,xgboost,D,v2,False,work_from_home,0.0029864967800676823
4,xgboost,D,v2,False,weekday_0,0.46336984634399414
4,xgboost,D,v2,False,weekday_1,0.005561780650168657
4,xgboost,D,v2,False,weekday_2,0.002526261145249009
4,xgboost,D,v2,False,weekday_3,0.026594629511237144
4,xgboost,D,v2,False,weekday_4,0.43009138107299805
4,xgboost,D,v2,False,weekday_5,0.0
4,xgboost,D,v2,False,weekday_6,0.0
4,xgboost,D,v2,False,menu_meat,0.003361975308507681
4,xgboost,D,v2,False,menu_fish,0.0026211265940219164
4,xgboost,D,v2,False,menu_noodles,0.0011171612422913313
4,xgboost,D,v2,False,menu_special,0.0014447715366259217
4,xgboost,D,v2,False,menu_rice_bowl,0.0018042223528027534
4,xgboost,D,v2,False,menu_soup,0.0
4,xgboost,D,v2,False,temp_mean,0.003827153705060482
4,xgboost,D,v2,False,temp_max,0.004043790511786938
4,xgboost,D,v2,False,temp_min,0.004617998842149973
4,xgboost,D,v2,False,humidity,0.0028309777844697237
